material,process,power,velocity,hatch_spacing,energy_density,layer_thickness,beam_diameter,density,specific_heat_capacity,k,melting_temperature,absorption_coefficient,minimal_absorptivity,melt_pool_shape,spatter,weight_percent_Zn,weight_percent_Mg,weight_percent_Si,weight_percent_Al,weight_percent_Sn,weight_percent_Zr,weight_percent_W,weight_percent_Ti,weight_percent_V,weight_percent_Co,weight_percent_Cu,weight_percent_Ta,weight_percent_Nb,weight_percent_Ni,weight_percent_Cr,weight_percent_Fe,weight_percent_Mn,weight_percent_Mo,paper_id,paper_url,porosity,relative_density,comments
IN718,PBF,285,960,500,,70,100,8190,435,11.2,1400,0.1792122006,0.178,desirable,,0,0,0,0,0,1,0,0,0,0,0,0,5.5,55,21,0,0,3.3,32,,,,
IN718,PBF,100,200,500,,70,100,8190,435,11.2,1400,0.3018474359,0.178,desirable,,0,0,0,0,0,1,0,0,0,0,0,0,5.5,55,21,0,0,3.3,32,,,,
IN718,PBF,100,400,500,,70,100,8190,435,11.2,1400,0.150923718,0.178,desirable,,0,0,0,0,0,1,0,0,0,0,0,0,5.5,55,21,0,0,3.3,32,,,,
IN718,PBF,100,600,500,,70,100,8190,435,11.2,1400,0.1006417172,0.178,LOF,,0,0,0,0,0,1,0,0,0,0,0,0,5.5,55,21,0,0,3.3,32,,,,
IN718,PBF,100,800,500,,70,100,8190,435,11.2,1400,0.07546185898,0.178,LOF,,0,0,0,0,0,1,0,0,0,0,0,0,5.5,55,21,0,0,3.3,32,,,,
IN718,PBF,100,1000,500,,70,100,8190,435,11.2,1400,0.06038503031,0.178,LOF,,0,0,0,0,0,1,0,0,0,0,0,0,5.5,55,21,0,0,3.3,32,,,,
IN718,PBF,150,200,500,,70,100,8190,435,11.2,1400,0.4527711539,0.178,keyhole,,0,0,0,0,0,1,0,0,0,0,0,0,5.5,55,21,0,0,3.3,32,,,,
IN718,PBF,150,400,500,,70,100,8190,435,11.2,1400,0.226385577,0.178,desirable,,0,0,0,0,0,1,0,0,0,0,0,0,5.5,55,21,0,0,3.3,32,,,,
IN718,PBF,150,600,500,,70,100,8190,435,11.2,1400,0.150923718,0.178,desirable,,0,0,0,0,0,1,0,0,0,0,0,0,5.5,55,21,0,0,3.3,32,,,,
IN718,PBF,150,800,500,,70,100,8190,435,11.2,1400,0.1132316463,0.178,desirable,,0,0,0,0,0,1,0,0,0,0,0,0,5.5,55,21,0,0,3.3,32,,,,
IN718,PBF,150,1000,500,,70,100,8190,435,11.2,1400,0.09053868766,0.178,LOF,,0,0,0,0,0,1,0,0,0,0,0,0,5.5,55,21,0,0,3.3,32,,,,
IN718,PBF,150,1200,500,,70,100,8190,435,11.2,1400,0.07546185898,0.178,LOF,,0,0,0,0,0,1,0,0,0,0,0,0,5.5,55,21,0,0,3.3,32,,,,
IN718,PBF,200,200,500,,70,100,8190,435,11.2,1400,0.6036948719,0.178,keyhole,,0,0,0,0,0,1,0,0,0,0,0,0,5.5,55,21,0,0,3.3,32,,,,
IN718,PBF,200,400,500,,70,100,8190,435,11.2,1400,0.3018474359,0.178,keyhole,,0,0,0,0,0,1,0,0,0,0,0,0,5.5,55,21,0,0,3.3,32,,,,
IN718,PBF,200,600,500,,70,100,8190,435,11.2,1400,0.2012057188,0.178,desirable,,0,0,0,0,0,1,0,0,0,0,0,0,5.5,55,21,0,0,3.3,32,,,,
IN718,PBF,200,800,500,,70,100,8190,435,11.2,1400,0.150923718,0.178,desirable,,0,0,0,0,0,1,0,0,0,0,0,0,5.5,55,21,0,0,3.3,32,,,,
IN718,PBF,200,1000,500,,70,100,8190,435,11.2,1400,0.1207700606,0.178,desirable,,0,0,0,0,0,1,0,0,0,0,0,0,5.5,55,21,0,0,3.3,32,,,,
IN718,PBF,200,1200,500,,70,100,8190,435,11.2,1400,0.1006417172,0.178,balling,,0,0,0,0,0,1,0,0,0,0,0,0,5.5,55,21,0,0,3.3,32,,,,
IN718,PBF,250,200,500,,70,100,8190,435,11.2,1400,0.7546185898,0.178,keyhole,,0,0,0,0,0,1,0,0,0,0,0,0,5.5,55,21,0,0,3.3,32,,,,
IN718,PBF,250,400,500,,70,100,8190,435,11.2,1400,0.3773092949,0.178,keyhole,,0,0,0,0,0,1,0,0,0,0,0,0,5.5,55,21,0,0,3.3,32,,,,
IN718,PBF,250,600,500,,70,100,8190,435,11.2,1400,0.2515654351,0.178,desirable,,0,0,0,0,0,1,0,0,0,0,0,0,5.5,55,21,0,0,3.3,32,,,,
IN718,PBF,250,800,500,,70,100,8190,435,11.2,1400,0.1886935053,0.178,desirable,,0,0,0,0,0,1,0,0,0,0,0,0,5.5,55,21,0,0,3.3,32,,,,
IN718,PBF,250,1000,500,,70,100,8190,435,11.2,1400,0.150923718,0.178,desirable,,0,0,0,0,0,1,0,0,0,0,0,0,5.5,55,21,0,0,3.3,32,,,,
IN718,PBF,250,1200,500,,70,100,8190,435,11.2,1400,0.1257438598,0.178,balling,,0,0,0,0,0,1,0,0,0,0,0,0,5.5,55,21,0,0,3.3,32,,,,
IN718,PBF,250,1400,500,,70,100,8190,435,11.2,1400,0.1077915535,0.178,balling,,0,0,0,0,0,1,0,0,0,0,0,0,5.5,55,21,0,0,3.3,32,,,,
IN718,PBF,300,400,500,,70,100,8190,435,11.2,1400,0.4527711539,0.178,keyhole,,0,0,0,0,0,1,0,0,0,0,0,0,5.5,55,21,0,0,3.3,32,,,,
IN718,PBF,300,600,500,,70,100,8190,435,11.2,1400,0.3018474359,0.178,desirable,,0,0,0,0,0,1,0,0,0,0,0,0,5.5,55,21,0,0,3.3,32,,,,
IN718,PBF,300,800,500,,70,100,8190,435,11.2,1400,0.226385577,0.178,balling,,0,0,0,0,0,1,0,0,0,0,0,0,5.5,55,21,0,0,3.3,32,,,,
IN718,PBF,300,1000,500,,70,100,8190,435,11.2,1400,0.1810773753,0.178,balling,,0,0,0,0,0,1,0,0,0,0,0,0,5.5,55,21,0,0,3.3,32,,,,
IN718,PBF,300,1200,500,,70,100,8190,435,11.2,1400,0.150923718,0.178,balling,,0,0,0,0,0,1,0,0,0,0,0,0,5.5,55,21,0,0,3.3,32,,,,
IN718,PBF,300,1400,500,,70,100,8190,435,11.2,1400,0.1293964935,0.178,balling,,0,0,0,0,0,1,0,0,0,0,0,0,5.5,55,21,0,0,3.3,32,,,,
IN718,PBF,370,400,500,,70,100,8190,435,11.2,1400,0.5583866702,0.178,keyhole,,0,0,0,0,0,1,0,0,0,0,0,0,5.5,55,21,0,0,3.3,32,,,,
IN718,PBF,370,800,500,,70,100,8190,435,11.2,1400,0.2792321929,0.178,keyhole,,0,0,0,0,0,1,0,0,0,0,0,0,5.5,55,21,0,0,3.3,32,,,,
IN718,PBF,370,1000,500,,70,100,8190,435,11.2,1400,0.2233546681,0.178,desirable,,0,0,0,0,0,1,0,0,0,0,0,0,5.5,55,21,0,0,3.3,32,,,,
IN718,PBF,370,1200,500,,70,100,8190,435,11.2,1400,0.1861288901,0.178,balling,,0,0,0,0,0,1,0,0,0,0,0,0,5.5,55,21,0,0,3.3,32,,,,
IN718,PBF,370,1400,500,,70,100,8190,435,11.2,1400,0.1595501509,0.178,balling,,0,0,0,0,0,1,0,0,0,0,0,0,5.5,55,21,0,0,3.3,32,,,,
Ti-6Al-4V,PBF,520,1100,,,,95,4470.5,561.5,7.2,1649,0.5351497023,0.26,keyhole,,0,0,0,5.5,0,90,4.2,0,0,0,0,0,0,0,0,0,0,0,34,,,,
Ti-6Al-4V,PBF,150,1200,,,,95,4470.5,561.5,7.2,1649,0.1415201289,0.26,desirable,,0,0,0,5.5,0,90,4.2,0,0,0,0,0,0,0,0,0,0,0,34,,,,
Ti-6Al-4V,PBF,200,1200,,,,95,4470.5,561.5,7.2,1649,0.1886935053,0.26,keyhole,,0,0,0,5.5,0,90,4.2,0,0,0,0,0,0,0,0,0,0,0,34,,,,
Ti-6Al-4V,PBF,250,1200,,,,95,4470.5,561.5,7.2,1649,0.2358668816,0.26,keyhole,,0,0,0,5.5,0,90,4.2,0,0,0,0,0,0,0,0,0,0,0,34,,,,
Ti-6Al-4V,PBF,300,1200,,,,95,4470.5,561.5,7.2,1649,0.2830402579,0.26,keyhole,,0,0,0,5.5,0,90,4.2,0,0,0,0,0,0,0,0,0,0,0,34,,,,
Ti-6Al-4V,PBF,350,1200,,,,95,4470.5,561.5,7.2,1649,0.3302136342,0.26,keyhole,,0,0,0,5.5,0,90,4.2,0,0,0,0,0,0,0,0,0,0,0,34,,,,
Ti-6Al-4V,PBF,450,1200,,,,95,4470.5,561.5,7.2,1649,0.4245603868,0.26,keyhole,,0,0,0,5.5,0,90,4.2,0,0,0,0,0,0,0,0,0,0,0,34,,,,
Ti-6Al-4V,PBF,520,1200,,,,95,4470.5,561.5,7.2,1649,0.4905409412,0.26,keyhole,,0,0,0,5.5,0,90,4.2,0,0,0,0,0,0,0,0,0,0,0,34,,,,
Ti-6Al-4V,PBF,40,400,,,60,39,4470.5,561.5,7.2,1649,0.6717737477,0.26,LOF,,0,0,0,5.5,0,90,4.2,0,0,0,0,0,0,0,0,0,0,0,47,,,,
Ti-6Al-4V,PBF,160,1000,,,60,39,4470.5,561.5,7.2,1649,1.07480691,0.26,LOF,,0,0,0,5.5,0,90,4.2,0,0,0,0,0,0,0,0,0,0,0,47,,,,
Ti-6Al-4V,PBF,80,400,,,60,39,4470.5,561.5,7.2,1649,1.34346978,0.26,desirable,,0,0,0,5.5,0,90,4.2,0,0,0,0,0,0,0,0,0,0,0,47,,,,
Ti-6Al-4V,PBF,120,400,,,60,39,4470.5,561.5,7.2,1649,2.015243528,0.26,desirable,,0,0,0,5.5,0,90,4.2,0,0,0,0,0,0,0,0,0,0,0,47,,,,
Ti-6Al-4V,PBF,160,400,,,60,39,4470.5,561.5,7.2,1649,2.68693956,0.26,desirable,,0,0,0,5.5,0,90,4.2,0,0,0,0,0,0,0,0,0,0,0,47,,,,
SS316L,PBF,45,400,,,,,8000,500,16.3,1415,,0.33,LOF,,0,0,0,0,0,0,0,0,0,0,0,0,0,11.4,17.3,65,1.5,2.5,49,,,,
SS316L,PBF,45,900,,,,,8000,500,16.3,1415,,0.33,LOF,,0,0,0,0,0,0,0,0,0,0,0,0,0,11.4,17.3,65,1.5,2.5,49,,,,
SS316L,PBF,45,1400,,,,,8000,500,16.3,1415,,0.33,LOF,,0,0,0,0,0,0,0,0,0,0,0,0,0,11.4,17.3,65,1.5,2.5,49,,,,
SS316L,PBF,45,1900,,,,,8000,500,16.3,1415,,0.33,LOF,,0,0,0,0,0,0,0,0,0,0,0,0,0,11.4,17.3,65,1.5,2.5,49,,,,
SS316L,PBF,45,2400,,,,,8000,500,16.3,1415,,0.33,LOF,,0,0,0,0,0,0,0,0,0,0,0,0,0,11.4,17.3,65,1.5,2.5,49,,,,
SS316L,PBF,45,2900,,,,,8000,500,16.3,1415,,0.33,LOF,,0,0,0,0,0,0,0,0,0,0,0,0,0,11.4,17.3,65,1.5,2.5,49,,,,
SS316L,PBF,45,3400,,,,,8000,500,16.3,1415,,0.33,LOF,,0,0,0,0,0,0,0,0,0,0,0,0,0,11.4,17.3,65,1.5,2.5,49,,,,
SS316L,PBF,130,400,,,,,8000,500,16.3,1415,,0.33,keyhole,,0,0,0,0,0,0,0,0,0,0,0,0,0,11.4,17.3,65,1.5,2.5,49,,,,
SS316L,PBF,130,900,,,,,8000,500,16.3,1415,,0.33,desirable,,0,0,0,0,0,0,0,0,0,0,0,0,0,11.4,17.3,65,1.5,2.5,49,,,,
SS316L,PBF,130,1400,,,,,8000,500,16.3,1415,,0.33,desirable,,0,0,0,0,0,0,0,0,0,0,0,0,0,11.4,17.3,65,1.5,2.5,49,,,,
SS316L,PBF,130,1900,,,,,8000,500,16.3,1415,,0.33,LOF,,0,0,0,0,0,0,0,0,0,0,0,0,0,11.4,17.3,65,1.5,2.5,49,,,,
SS316L,PBF,130,2400,,,,,8000,500,16.3,1415,,0.33,LOF,,0,0,0,0,0,0,0,0,0,0,0,0,0,11.4,17.3,65,1.5,2.5,49,,,,
SS316L,PBF,130,2900,,,,,8000,500,16.3,1415,,0.33,LOF,,0,0,0,0,0,0,0,0,0,0,0,0,0,11.4,17.3,65,1.5,2.5,49,,,,
SS316L,PBF,130,3400,,,,,8000,500,16.3,1415,,0.33,LOF,,0,0,0,0,0,0,0,0,0,0,0,0,0,11.4,17.3,65,1.5,2.5,49,,,,
SS316L,PBF,220,400,,,,,8000,500,16.3,1415,,0.33,keyhole,,0,0,0,0,0,0,0,0,0,0,0,0,0,11.4,17.3,65,1.5,2.5,49,,,,
SS316L,PBF,220,900,,,,,8000,500,16.3,1415,,0.33,keyhole,,0,0,0,0,0,0,0,0,0,0,0,0,0,11.4,17.3,65,1.5,2.5,49,,,,
SS316L,PBF,220,1400,,,,,8000,500,16.3,1415,,0.33,keyhole,,0,0,0,0,0,0,0,0,0,0,0,0,0,11.4,17.3,65,1.5,2.5,49,,,,
SS316L,PBF,220,1900,,,,,8000,500,16.3,1415,,0.33,keyhole,,0,0,0,0,0,0,0,0,0,0,0,0,0,11.4,17.3,65,1.5,2.5,49,,,,
SS316L,PBF,220,2400,,,,,8000,500,16.3,1415,,0.33,desirable,,0,0,0,0,0,0,0,0,0,0,0,0,0,11.4,17.3,65,1.5,2.5,49,,,,
SS316L,PBF,220,2900,,,,,8000,500,16.3,1415,,0.33,desirable,,0,0,0,0,0,0,0,0,0,0,0,0,0,11.4,17.3,65,1.5,2.5,49,,,,
SS316L,PBF,220,3400,,,,,8000,500,16.3,1415,,0.33,LOF,,0,0,0,0,0,0,0,0,0,0,0,0,0,11.4,17.3,65,1.5,2.5,49,,,,
SS316L,PBF,300,400,,,,,8000,500,16.3,1415,,0.33,keyhole,,0,0,0,0,0,0,0,0,0,0,0,0,0,11.4,17.3,65,1.5,2.5,49,,,,
SS316L,PBF,300,900,,,,,8000,500,16.3,1415,,0.33,keyhole,,0,0,0,0,0,0,0,0,0,0,0,0,0,11.4,17.3,65,1.5,2.5,49,,,,
SS316L,PBF,300,1400,,,,,8000,500,16.3,1415,,0.33,keyhole,,0,0,0,0,0,0,0,0,0,0,0,0,0,11.4,17.3,65,1.5,2.5,49,,,,
SS316L,PBF,300,1900,,,,,8000,500,16.3,1415,,0.33,keyhole,,0,0,0,0,0,0,0,0,0,0,0,0,0,11.4,17.3,65,1.5,2.5,49,,,,
SS316L,PBF,300,2400,,,,,8000,500,16.3,1415,,0.33,keyhole,,0,0,0,0,0,0,0,0,0,0,0,0,0,11.4,17.3,65,1.5,2.5,49,,,,
SS316L,PBF,300,2900,,,,,8000,500,16.3,1415,,0.33,keyhole,,0,0,0,0,0,0,0,0,0,0,0,0,0,11.4,17.3,65,1.5,2.5,49,,,,
SS316L,PBF,300,3400,,,,,8000,500,16.3,1415,,0.33,desirable,,0,0,0,0,0,0,0,0,0,0,0,0,0,11.4,17.3,65,1.5,2.5,49,,,,
SS17-4PH,PBF,45,400,,,,,7750,460,17.9,1420,,,LOF,,0,0,0,0,0,0,0,0,0,0,3.65,0,0,4,16,75,0,0,49,,,,
SS17-4PH,PBF,45,900,,,,,7750,460,17.9,1420,,,LOF,,0,0,0,0,0,0,0,0,0,0,3.65,0,0,4,16,75,0,0,49,,,,
SS17-4PH,PBF,45,1400,,,,,7750,460,17.9,1420,,,LOF,,0,0,0,0,0,0,0,0,0,0,3.65,0,0,4,16,75,0,0,49,,,,
SS17-4PH,PBF,45,1900,,,,,7750,460,17.9,1420,,,LOF,,0,0,0,0,0,0,0,0,0,0,3.65,0,0,4,16,75,0,0,49,,,,
SS17-4PH,PBF,45,2400,,,,,7750,460,17.9,1420,,,LOF,,0,0,0,0,0,0,0,0,0,0,3.65,0,0,4,16,75,0,0,49,,,,
SS17-4PH,PBF,45,2900,,,,,7750,460,17.9,1420,,,LOF,,0,0,0,0,0,0,0,0,0,0,3.65,0,0,4,16,75,0,0,49,,,,
SS17-4PH,PBF,45,3400,,,,,7750,460,17.9,1420,,,LOF,,0,0,0,0,0,0,0,0,0,0,3.65,0,0,4,16,75,0,0,49,,,,
SS17-4PH,PBF,130,400,,,,,7750,460,17.9,1420,,,keyhole,,0,0,0,0,0,0,0,0,0,0,3.65,0,0,4,16,75,0,0,49,,,,
SS17-4PH,PBF,130,900,,,,,7750,460,17.9,1420,,,keyhole,,0,0,0,0,0,0,0,0,0,0,3.65,0,0,4,16,75,0,0,49,,,,
SS17-4PH,PBF,130,1400,,,,,7750,460,17.9,1420,,,keyhole,,0,0,0,0,0,0,0,0,0,0,3.65,0,0,4,16,75,0,0,49,,,,
SS17-4PH,PBF,130,1900,,,,,7750,460,17.9,1420,,,LOF,,0,0,0,0,0,0,0,0,0,0,3.65,0,0,4,16,75,0,0,49,,,,
SS17-4PH,PBF,130,2400,,,,,7750,460,17.9,1420,,,LOF,,0,0,0,0,0,0,0,0,0,0,3.65,0,0,4,16,75,0,0,49,,,,
SS17-4PH,PBF,130,2900,,,,,7750,460,17.9,1420,,,LOF,,0,0,0,0,0,0,0,0,0,0,3.65,0,0,4,16,75,0,0,49,,,,
SS17-4PH,PBF,130,3400,,,,,7750,460,17.9,1420,,,LOF,,0,0,0,0,0,0,0,0,0,0,3.65,0,0,4,16,75,0,0,49,,,,
SS17-4PH,PBF,220,400,,,,,7750,460,17.9,1420,,,keyhole,,0,0,0,0,0,0,0,0,0,0,3.65,0,0,4,16,75,0,0,49,,,,
SS17-4PH,PBF,220,900,,,,,7750,460,17.9,1420,,,keyhole,,0,0,0,0,0,0,0,0,0,0,3.65,0,0,4,16,75,0,0,49,,,,
SS17-4PH,PBF,220,1400,,,,,7750,460,17.9,1420,,,keyhole,,0,0,0,0,0,0,0,0,0,0,3.65,0,0,4,16,75,0,0,49,,,,
SS17-4PH,PBF,220,1900,,,,,7750,460,17.9,1420,,,keyhole,,0,0,0,0,0,0,0,0,0,0,3.65,0,0,4,16,75,0,0,49,,,,
SS17-4PH,PBF,220,2400,,,,,7750,460,17.9,1420,,,LOF,,0,0,0,0,0,0,0,0,0,0,3.65,0,0,4,16,75,0,0,49,,,,
SS17-4PH,PBF,220,2900,,,,,7750,460,17.9,1420,,,LOF,,0,0,0,0,0,0,0,0,0,0,3.65,0,0,4,16,75,0,0,49,,,,
SS17-4PH,PBF,220,3400,,,,,7750,460,17.9,1420,,,LOF,,0,0,0,0,0,0,0,0,0,0,3.65,0,0,4,16,75,0,0,49,,,,
SS17-4PH,PBF,300,400,,,,,7750,460,17.9,1420,,,keyhole,,0,0,0,0,0,0,0,0,0,0,3.65,0,0,4,16,75,0,0,49,,,,
SS17-4PH,PBF,300,900,,,,,7750,460,17.9,1420,,,keyhole,,0,0,0,0,0,0,0,0,0,0,3.65,0,0,4,16,75,0,0,49,,,,
SS17-4PH,PBF,300,1400,,,,,7750,460,17.9,1420,,,keyhole,,0,0,0,0,0,0,0,0,0,0,3.65,0,0,4,16,75,0,0,49,,,,
SS17-4PH,PBF,300,1900,,,,,7750,460,17.9,1420,,,keyhole,,0,0,0,0,0,0,0,0,0,0,3.65,0,0,4,16,75,0,0,49,,,,
SS17-4PH,PBF,300,2400,,,,,7750,460,17.9,1420,,,keyhole,,0,0,0,0,0,0,0,0,0,0,3.65,0,0,4,16,75,0,0,49,,,,
SS17-4PH,PBF,300,2900,,,,,7750,460,17.9,1420,,,keyhole,,0,0,0,0,0,0,0,0,0,0,3.65,0,0,4,16,75,0,0,49,,,,
SS17-4PH,PBF,300,3400,,,,,7750,460,17.9,1420,,,keyhole,,0,0,0,0,0,0,0,0,0,0,3.65,0,0,4,16,75,0,0,49,,,,
SS304L,PBF,45,400,,,,,8030,500,16.2,1420,,,LOF,,0,0,0,0,0,0,0,0,0,0,0,0,0,8,18,70,2,0,49,,,,
SS304L,PBF,45,900,,,,,8030,500,16.2,1420,,,LOF,,0,0,0,0,0,0,0,0,0,0,0,0,0,8,18,70,2,0,49,,,,
SS304L,PBF,45,1400,,,,,8030,500,16.2,1420,,,LOF,,0,0,0,0,0,0,0,0,0,0,0,0,0,8,18,70,2,0,49,,,,
SS304L,PBF,45,1900,,,,,8030,500,16.2,1420,,,LOF,,0,0,0,0,0,0,0,0,0,0,0,0,0,8,18,70,2,0,49,,,,
SS304L,PBF,45,2400,,,,,8030,500,16.2,1420,,,LOF,,0,0,0,0,0,0,0,0,0,0,0,0,0,8,18,70,2,0,49,,,,
SS304L,PBF,45,2900,,,,,8030,500,16.2,1420,,,LOF,,0,0,0,0,0,0,0,0,0,0,0,0,0,8,18,70,2,0,49,,,,
SS304L,PBF,45,3400,,,,,8030,500,16.2,1420,,,LOF,,0,0,0,0,0,0,0,0,0,0,0,0,0,8,18,70,2,0,49,,,,
SS304L,PBF,130,400,,,,,8030,500,16.2,1420,,,keyhole,,0,0,0,0,0,0,0,0,0,0,0,0,0,8,18,70,2,0,49,,,,
SS304L,PBF,130,900,,,,,8030,500,16.2,1420,,,keyhole,,0,0,0,0,0,0,0,0,0,0,0,0,0,8,18,70,2,0,49,,,,
SS304L,PBF,130,1400,,,,,8030,500,16.2,1420,,,desirable,,0,0,0,0,0,0,0,0,0,0,0,0,0,8,18,70,2,0,49,,,,
SS304L,PBF,130,1900,,,,,8030,500,16.2,1420,,,LOF,,0,0,0,0,0,0,0,0,0,0,0,0,0,8,18,70,2,0,49,,,,
SS304L,PBF,130,2400,,,,,8030,500,16.2,1420,,,LOF,,0,0,0,0,0,0,0,0,0,0,0,0,0,8,18,70,2,0,49,,,,
SS304L,PBF,130,2900,,,,,8030,500,16.2,1420,,,LOF,,0,0,0,0,0,0,0,0,0,0,0,0,0,8,18,70,2,0,49,,,,
SS304L,PBF,130,3400,,,,,8030,500,16.2,1420,,,LOF,,0,0,0,0,0,0,0,0,0,0,0,0,0,8,18,70,2,0,49,,,,
SS304L,PBF,220,400,,,,,8030,500,16.2,1420,,,keyhole,,0,0,0,0,0,0,0,0,0,0,0,0,0,8,18,70,2,0,49,,,,
SS304L,PBF,220,900,,,,,8030,500,16.2,1420,,,keyhole,,0,0,0,0,0,0,0,0,0,0,0,0,0,8,18,70,2,0,49,,,,
SS304L,PBF,220,1400,,,,,8030,500,16.2,1420,,,keyhole,,0,0,0,0,0,0,0,0,0,0,0,0,0,8,18,70,2,0,49,,,,
SS304L,PBF,220,1900,,,,,8030,500,16.2,1420,,,keyhole,,0,0,0,0,0,0,0,0,0,0,0,0,0,8,18,70,2,0,49,,,,
SS304L,PBF,220,2400,,,,,8030,500,16.2,1420,,,desirable,,0,0,0,0,0,0,0,0,0,0,0,0,0,8,18,70,2,0,49,,,,
SS304L,PBF,220,2900,,,,,8030,500,16.2,1420,,,LOF,,0,0,0,0,0,0,0,0,0,0,0,0,0,8,18,70,2,0,49,,,,
SS304L,PBF,220,3400,,,,,8030,500,16.2,1420,,,LOF,,0,0,0,0,0,0,0,0,0,0,0,0,0,8,18,70,2,0,49,,,,
SS304L,PBF,300,400,,,,,8030,500,16.2,1420,,,keyhole,,0,0,0,0,0,0,0,0,0,0,0,0,0,8,18,70,2,0,49,,,,
SS304L,PBF,300,900,,,,,8030,500,16.2,1420,,,keyhole,,0,0,0,0,0,0,0,0,0,0,0,0,0,8,18,70,2,0,49,,,,
SS304L,PBF,300,1400,,,,,8030,500,16.2,1420,,,keyhole,,0,0,0,0,0,0,0,0,0,0,0,0,0,8,18,70,2,0,49,,,,
SS304L,PBF,300,1900,,,,,8030,500,16.2,1420,,,keyhole,,0,0,0,0,0,0,0,0,0,0,0,0,0,8,18,70,2,0,49,,,,
SS304L,PBF,300,2400,,,,,8030,500,16.2,1420,,,keyhole,,0,0,0,0,0,0,0,0,0,0,0,0,0,8,18,70,2,0,49,,,,
SS304L,PBF,300,2900,,,,,8030,500,16.2,1420,,,keyhole,,0,0,0,0,0,0,0,0,0,0,0,0,0,8,18,70,2,0,49,,,,
SS304L,PBF,300,3400,,,,,8030,500,16.2,1420,,,desirable,,0,0,0,0,0,0,0,0,0,0,0,0,0,8,18,70,2,0,49,,,,
Ni-5Nb,PBF,72,100,,,?,100,8900,550,85,1430,,,LOF,,0,0,0,0,0,0,0,0,0,0,0,0,5,95,0,0,0,0,51,,,,l/w<2.3 balling
Ni-5Nb,PBF,80,1200,,,,100,8900,550,85,1430,,,LOF,,0,0,0,0,0,0,0,0,0,0,0,0,5,95,0,0,0,0,51,,,,d<2/3 w keyhole
Ni-5Nb,PBF,80,1500,,,,100,8900,550,85,1430,,,LOF,,0,0,0,0,0,0,0,0,0,0,0,0,5,95,0,0,0,0,51,,,,d/t>1.5 LOF
Ni-5Nb,PBF,90,950,,,,100,8900,550,85,1430,,,LOF,,0,0,0,0,0,0,0,0,0,0,0,0,5,95,0,0,0,0,51,,,,
Ni-5Nb,PBF,90,1900,,,,100,8900,550,85,1430,,,LOF,,0,0,0,0,0,0,0,0,0,0,0,0,5,95,0,0,0,0,51,,,,
Ni-5Nb,PBF,90,2300,,,,100,8900,550,85,1430,,,LOF,,0,0,0,0,0,0,0,0,0,0,0,0,5,95,0,0,0,0,51,,,,
Ni-5Nb,PBF,110,800,,,,100,8900,550,85,1430,,,LOF,,0,0,0,0,0,0,0,0,0,0,0,0,5,95,0,0,0,0,51,,,,
Ni-5Nb,PBF,115,1200,,,,100,8900,550,85,1430,,,LOF,,0,0,0,0,0,0,0,0,0,0,0,0,5,95,0,0,0,0,51,,,,
Ni-5Nb,PBF,115,1500,,,,100,8900,550,85,1430,,,LOF,,0,0,0,0,0,0,0,0,0,0,0,0,5,95,0,0,0,0,51,,,,
Ni-5Nb,PBF,140,1900,,,,100,8900,550,85,1430,,,LOF,,0,0,0,0,0,0,0,0,0,0,0,0,5,95,0,0,0,0,51,,,,
Ni-5Nb,PBF,140,2300,,,,100,8900,550,85,1430,,,LOF,,0,0,0,0,0,0,0,0,0,0,0,0,5,95,0,0,0,0,51,,,,
Ni-5Nb,PBF,145,1500,,,,100,8900,550,85,1430,,,LOF,,0,0,0,0,0,0,0,0,0,0,0,0,5,95,0,0,0,0,51,,,,
Ni-5Nb,PBF,80,150,,,,100,8900,550,85,1430,,,desirable,,0,0,0,0,0,0,0,0,0,0,0,0,5,95,0,0,0,0,51,,,,
Ni-5Nb,PBF,95,350,,,,100,8900,550,85,1430,,,desirable,,0,0,0,0,0,0,0,0,0,0,0,0,5,95,0,0,0,0,51,,,,
Ni-5Nb,PBF,120,500,,,,100,8900,550,85,1430,,,desirable,,0,0,0,0,0,0,0,0,0,0,0,0,5,95,0,0,0,0,51,,,,
Ni-5Nb,PBF,130,750,,,,100,8900,550,85,1430,,,desirable,,0,0,0,0,0,0,0,0,0,0,0,0,5,95,0,0,0,0,51,,,,
Ni-5Nb,PBF,138,700,,,,100,8900,550,85,1430,,,desirable,,0,0,0,0,0,0,0,0,0,0,0,0,5,95,0,0,0,0,51,,,,
Ni-5Nb,PBF,140,1200,,,,100,8900,550,85,1430,,,desirable,,0,0,0,0,0,0,0,0,0,0,0,0,5,95,0,0,0,0,51,,,,
Ni-5Nb,PBF,170,500,,,,100,8900,550,85,1430,,,desirable,,0,0,0,0,0,0,0,0,0,0,0,0,5,95,0,0,0,0,51,,,,
Ni-5Nb,PBF,178,600,,,,100,8900,550,85,1430,,,desirable,,0,0,0,0,0,0,0,0,0,0,0,0,5,95,0,0,0,0,51,,,,
Ni-5Nb,PBF,200,700,,,,100,8900,550,85,1430,,,desirable,,0,0,0,0,0,0,0,0,0,0,0,0,5,95,0,0,0,0,51,,,,
Ni-5Nb,PBF,225,750,,,,100,8900,550,85,1430,,,desirable,,0,0,0,0,0,0,0,0,0,0,0,0,5,95,0,0,0,0,51,,,,
Ni-5Nb,PBF,150,300,,,,100,8900,550,85,1430,,,keyhole,,0,0,0,0,0,0,0,0,0,0,0,0,5,95,0,0,0,0,51,,,,
Ni-5Nb,PBF,160,200,,,,100,8900,550,85,1430,,,keyhole,,0,0,0,0,0,0,0,0,0,0,0,0,5,95,0,0,0,0,51,,,,
Ni-5Nb,PBF,185,220,,,,100,8900,550,85,1430,,,keyhole,,0,0,0,0,0,0,0,0,0,0,0,0,5,95,0,0,0,0,51,,,,
Ni-5Nb,PBF,210,400,,,,100,8900,550,85,1430,,,keyhole,,0,0,0,0,0,0,0,0,0,0,0,0,5,95,0,0,0,0,51,,,,
Ni-5Nb,PBF,220,600,,,,100,8900,550,85,1430,,,keyhole,,0,0,0,0,0,0,0,0,0,0,0,0,5,95,0,0,0,0,51,,,,
Ni-5Nb,PBF,235,220,,,,100,8900,550,85,1430,,,keyhole,,0,0,0,0,0,0,0,0,0,0,0,0,5,95,0,0,0,0,51,,,,
Ni-5Nb,PBF,240,800,,,,100,8900,550,85,1430,,,keyhole,,0,0,0,0,0,0,0,0,0,0,0,0,5,95,0,0,0,0,51,,,,
Ni-5Nb,PBF,250,450,,,,100,8900,550,85,1430,,,keyhole,,0,0,0,0,0,0,0,0,0,0,0,0,5,95,0,0,0,0,51,,,,
Ni-5Nb,PBF,175,1200,,,,100,8900,550,85,1430,,,balling,,0,0,0,0,0,0,0,0,0,0,0,0,5,95,0,0,0,0,51,,,,
Ni-5Nb,PBF,175,1500,,,,100,8900,550,85,1430,,,balling,,0,0,0,0,0,0,0,0,0,0,0,0,5,95,0,0,0,0,51,,,,
Ni-5Nb,PBF,180,1900,,,,100,8900,550,85,1430,,,balling,,0,0,0,0,0,0,0,0,0,0,0,0,5,95,0,0,0,0,51,,,,
Ni-5Nb,PBF,180,2300,,,,100,8900,550,85,1430,,,balling,,0,0,0,0,0,0,0,0,0,0,0,0,5,95,0,0,0,0,51,,,,
Ni-5Nb,PBF,210,1200,,,,100,8900,550,85,1430,,,balling,,0,0,0,0,0,0,0,0,0,0,0,0,5,95,0,0,0,0,51,,,,
Ni-5Nb,PBF,210,1500,,,,100,8900,550,85,1430,,,balling,,0,0,0,0,0,0,0,0,0,0,0,0,5,95,0,0,0,0,51,,,,
Ni-5Nb,PBF,230,1900,,,,100,8900,550,85,1430,,,balling,,0,0,0,0,0,0,0,0,0,0,0,0,5,95,0,0,0,0,51,,,,
Ni-5Nb,PBF,230,2300,,,,100,8900,550,85,1430,,,balling,,0,0,0,0,0,0,0,0,0,0,0,0,5,95,0,0,0,0,51,,,,
Ni-5Nb,PBF,240,1200,,,,100,8900,550,85,1430,,,balling,,0,0,0,0,0,0,0,0,0,0,0,0,5,95,0,0,0,0,51,,,,
Ni-5Nb,PBF,240,1500,,,,100,8900,550,85,1430,,,balling,,0,0,0,0,0,0,0,0,0,0,0,0,5,95,0,0,0,0,51,,,,
IN718,PBF,100,600,,,,100,8190,435,11.2,1400,0.1006417172,0.178,LOF,,0,0,0,0,0,0,0,0,0,0,0,0,5.5,55,21,0,0,3.3,51,,,,
IN718,PBF,100,800,,,,100,8190,435,11.2,1400,0.07546185898,0.178,LOF,,0,0,0,0,0,0,0,0,0,0,0,0,5.5,55,21,0,0,3.3,51,,,,
IN718,PBF,100,1000,,,,100,8190,435,11.2,1400,0.06038503031,0.178,LOF,,0,0,0,0,0,0,0,0,0,0,0,0,5.5,55,21,0,0,3.3,51,,,,
IN718,PBF,150,1000,,,,100,8190,435,11.2,1400,0.09053868766,0.178,LOF,,0,0,0,0,0,0,0,0,0,0,0,0,5.5,55,21,0,0,3.3,51,,,,
IN718,PBF,150,1200,,,,100,8190,435,11.2,1400,0.07546185898,0.178,LOF,,0,0,0,0,0,0,0,0,0,0,0,0,5.5,55,21,0,0,3.3,51,,,,
IN718,PBF,100,200,,,,100,8190,435,11.2,1400,0.3018474359,0.178,desirable,,0,0,0,0,0,0,0,0,0,0,0,0,5.5,55,21,0,0,3.3,51,,,,
IN718,PBF,100,400,,,,100,8190,435,11.2,1400,0.150923718,0.178,desirable,,0,0,0,0,0,0,0,0,0,0,0,0,5.5,55,21,0,0,3.3,51,,,,
IN718,PBF,150,400,,,,100,8190,435,11.2,1400,0.226385577,0.178,desirable,,0,0,0,0,0,0,0,0,0,0,0,0,5.5,55,21,0,0,3.3,51,,,,
IN718,PBF,150,600,,,,100,8190,435,11.2,1400,0.150923718,0.178,desirable,,0,0,0,0,0,0,0,0,0,0,0,0,5.5,55,21,0,0,3.3,51,,,,
IN718,PBF,150,800,,,,100,8190,435,11.2,1400,0.1132316463,0.178,desirable,,0,0,0,0,0,0,0,0,0,0,0,0,5.5,55,21,0,0,3.3,51,,,,
IN718,PBF,200,600,,,,100,8190,435,11.2,1400,0.2012057188,0.178,desirable,,0,0,0,0,0,0,0,0,0,0,0,0,5.5,55,21,0,0,3.3,51,,,,
IN718,PBF,200,800,,,,100,8190,435,11.2,1400,0.150923718,0.178,desirable,,0,0,0,0,0,0,0,0,0,0,0,0,5.5,55,21,0,0,3.3,51,,,,
IN718,PBF,200,1000,,,,100,8190,435,11.2,1400,0.1207700606,0.178,desirable,,0,0,0,0,0,0,0,0,0,0,0,0,5.5,55,21,0,0,3.3,51,,,,
IN718,PBF,250,600,,,,100,8190,435,11.2,1400,0.2515654351,0.178,desirable,,0,0,0,0,0,0,0,0,0,0,0,0,5.5,55,21,0,0,3.3,51,,,,
IN718,PBF,250,800,,,,100,8190,435,11.2,1400,0.1886935053,0.178,desirable,,0,0,0,0,0,0,0,0,0,0,0,0,5.5,55,21,0,0,3.3,51,,,,
IN718,PBF,250,1000,,,,100,8190,435,11.2,1400,0.150923718,0.178,desirable,,0,0,0,0,0,0,0,0,0,0,0,0,5.5,55,21,0,0,3.3,51,,,,
IN718,PBF,280,950,,,,100,8190,435,11.2,1400,0.1779687508,0.178,desirable,,0,0,0,0,0,0,0,0,0,0,0,0,5.5,55,21,0,0,3.3,51,,,,
IN718,PBF,300,600,,,,100,8190,435,11.2,1400,0.3018474359,0.178,desirable,,0,0,0,0,0,0,0,0,0,0,0,0,5.5,55,21,0,0,3.3,51,,,,
IN718,PBF,370,1000,,,,100,8190,435,11.2,1400,0.2233546681,0.178,desirable,,0,0,0,0,0,0,0,0,0,0,0,0,5.5,55,21,0,0,3.3,51,,,,
IN718,PBF,150,200,,,,100,8190,435,11.2,1400,0.4527711539,0.178,keyhole,,0,0,0,0,0,0,0,0,0,0,0,0,5.5,55,21,0,0,3.3,51,,,,
IN718,PBF,200,200,,,,100,8190,435,11.2,1400,0.6036948719,0.178,keyhole,,0,0,0,0,0,0,0,0,0,0,0,0,5.5,55,21,0,0,3.3,51,,,,
IN718,PBF,200,400,,,,100,8190,435,11.2,1400,0.3018474359,0.178,keyhole,,0,0,0,0,0,0,0,0,0,0,0,0,5.5,55,21,0,0,3.3,51,,,,
IN718,PBF,250,200,,,,100,8190,435,11.2,1400,0.7546185898,0.178,keyhole,,0,0,0,0,0,0,0,0,0,0,0,0,5.5,55,21,0,0,3.3,51,,,,
IN718,PBF,250,400,,,,100,8190,435,11.2,1400,0.3773092949,0.178,keyhole,,0,0,0,0,0,0,0,0,0,0,0,0,5.5,55,21,0,0,3.3,51,,,,
IN718,PBF,300,400,,,,100,8190,435,11.2,1400,0.4527711539,0.178,keyhole,,0,0,0,0,0,0,0,0,0,0,0,0,5.5,55,21,0,0,3.3,51,,,,
IN718,PBF,370,400,,,,100,8190,435,11.2,1400,0.5583866702,0.178,keyhole,,0,0,0,0,0,0,0,0,0,0,0,0,5.5,55,21,0,0,3.3,51,,,,
IN718,PBF,370,800,,,,100,8190,435,11.2,1400,0.2792321929,0.178,keyhole,,0,0,0,0,0,0,0,0,0,0,0,0,5.5,55,21,0,0,3.3,51,,,,
IN718,PBF,200,1200,,,,100,8190,435,11.2,1400,0.1006417172,0.178,balling,,0,0,0,0,0,0,0,0,0,0,0,0,5.5,55,21,0,0,3.3,51,,,,
IN718,PBF,250,1200,,,,100,8190,435,11.2,1400,0.1257438598,0.178,balling,,0,0,0,0,0,0,0,0,0,0,0,0,5.5,55,21,0,0,3.3,51,,,,
IN718,PBF,250,1400,,,,100,8190,435,11.2,1400,0.1077915535,0.178,balling,,0,0,0,0,0,0,0,0,0,0,0,0,5.5,55,21,0,0,3.3,51,,,,
IN718,PBF,300,1200,,,,100,8190,435,11.2,1400,0.150923718,0.178,balling,,0,0,0,0,0,0,0,0,0,0,0,0,5.5,55,21,0,0,3.3,51,,,,
IN718,PBF,300,1400,,,,100,8190,435,11.2,1400,0.1293964935,0.178,balling,,0,0,0,0,0,0,0,0,0,0,0,0,5.5,55,21,0,0,3.3,51,,,,
IN718,PBF,370,1200,,,,100,8190,435,11.2,1400,0.1861288901,0.178,balling,,0,0,0,0,0,0,0,0,0,0,0,0,5.5,55,21,0,0,3.3,51,,,,
IN718,PBF,370,1400,,,,100,8190,435,11.2,1400,0.1595501509,0.178,balling,,0,0,0,0,0,0,0,0,0,0,0,0,5.5,55,21,0,0,3.3,51,,,,
Co-Cr-Fe-Mn-Ni,PBF,42,100,,,,100,7700,600,20,1371,,,LOF,,0,0,0,0,0,0,0,0,0,19.4,0,0,0,28,14.2,19,19.4,0,51,,,,
Co-Cr-Fe-Mn-Ni,PBF,42,200,,,,100,7700,600,20,1371,,,LOF,,0,0,0,0,0,0,0,0,0,19.4,0,0,0,28,14.2,19,19.4,0,51,,,,
Co-Cr-Fe-Mn-Ni,PBF,42,300,,,,100,7700,600,20,1371,,,LOF,,0,0,0,0,0,0,0,0,0,19.4,0,0,0,28,14.2,19,19.4,0,51,,,,
Co-Cr-Fe-Mn-Ni,PBF,42,400,,,,100,7700,600,20,1371,,,LOF,,0,0,0,0,0,0,0,0,0,19.4,0,0,0,28,14.2,19,19.4,0,51,,,,
Co-Cr-Fe-Mn-Ni,PBF,42,500,,,,100,7700,600,20,1371,,,LOF,,0,0,0,0,0,0,0,0,0,19.4,0,0,0,28,14.2,19,19.4,0,51,,,,
Co-Cr-Fe-Mn-Ni,PBF,42,600,,,,100,7700,600,20,1371,,,LOF,,0,0,0,0,0,0,0,0,0,19.4,0,0,0,28,14.2,19,19.4,0,51,,,,
Co-Cr-Fe-Mn-Ni,PBF,80,600,,,,100,7700,600,20,1371,,,desirable,,0,0,0,0,0,0,0,0,0,19.4,0,0,0,28,14.2,19,19.4,0,51,,,,
Co-Cr-Fe-Mn-Ni,PBF,80,700,,,,100,7700,600,20,1371,,,desirable,,0,0,0,0,0,0,0,0,0,19.4,0,0,0,28,14.2,19,19.4,0,51,,,,
Co-Cr-Fe-Mn-Ni,PBF,80,800,,,,100,7700,600,20,1371,,,desirable,,0,0,0,0,0,0,0,0,0,19.4,0,0,0,28,14.2,19,19.4,0,51,,,,
Co-Cr-Fe-Mn-Ni,PBF,80,900,,,,100,7700,600,20,1371,,,desirable,,0,0,0,0,0,0,0,0,0,19.4,0,0,0,28,14.2,19,19.4,0,51,,,,
Co-Cr-Fe-Mn-Ni,PBF,128,1000,,,,100,7700,600,20,1371,,,desirable,,0,0,0,0,0,0,0,0,0,19.4,0,0,0,28,14.2,19,19.4,0,51,,,,
Co-Cr-Fe-Mn-Ni,PBF,128,1100,,,,100,7700,600,20,1371,,,desirable,,0,0,0,0,0,0,0,0,0,19.4,0,0,0,28,14.2,19,19.4,0,51,,,,
Co-Cr-Fe-Mn-Ni,PBF,128,1200,,,,100,7700,600,20,1371,,,desirable,,0,0,0,0,0,0,0,0,0,19.4,0,0,0,28,14.2,19,19.4,0,51,,,,
Co-Cr-Fe-Mn-Ni,PBF,128,1300,,,,100,7700,600,20,1371,,,desirable,,0,0,0,0,0,0,0,0,0,19.4,0,0,0,28,14.2,19,19.4,0,51,,,,
Co-Cr-Fe-Mn-Ni,PBF,80,400,,,,100,7700,600,20,1371,,,keyhole,,0,0,0,0,0,0,0,0,0,19.4,0,0,0,28,14.2,19,19.4,0,51,,,,
Co-Cr-Fe-Mn-Ni,PBF,80,500,,,,100,7700,600,20,1371,,,keyhole,,0,0,0,0,0,0,0,0,0,19.4,0,0,0,28,14.2,19,19.4,0,51,,,,
Co-Cr-Fe-Mn-Ni,PBF,128,800,,,,100,7700,600,20,1371,,,keyhole,,0,0,0,0,0,0,0,0,0,19.4,0,0,0,28,14.2,19,19.4,0,51,,,,
Co-Cr-Fe-Mn-Ni,PBF,128,900,,,,100,7700,600,20,1371,,,keyhole,,0,0,0,0,0,0,0,0,0,19.4,0,0,0,28,14.2,19,19.4,0,51,,,,
Co-Cr-Fe-Mn-Ni,PBF,170,1000,,,,100,7700,600,20,1371,,,keyhole,,0,0,0,0,0,0,0,0,0,19.4,0,0,0,28,14.2,19,19.4,0,51,,,,
Co-Cr-Fe-Mn-Ni,PBF,170,1100,,,,100,7700,600,20,1371,,,keyhole,,0,0,0,0,0,0,0,0,0,19.4,0,0,0,28,14.2,19,19.4,0,51,,,,
Co-Cr-Fe-Mn-Ni,PBF,170,1200,,,,100,7700,600,20,1371,,,keyhole,,0,0,0,0,0,0,0,0,0,19.4,0,0,0,28,14.2,19,19.4,0,51,,,,
Co-Cr-Fe-Mn-Ni,PBF,170,1300,,,,100,7700,600,20,1371,,,balling,,0,0,0,0,0,0,0,0,0,19.4,0,0,0,28,14.2,19,19.4,0,51,,,,
Co-Cr-Fe-Mn-Ni,PBF,170,1500,,,,100,7700,600,20,1371,,,balling,,0,0,0,0,0,0,0,0,0,19.4,0,0,0,28,14.2,19,19.4,0,51,,,,
Co-Cr-Fe-Mn-Ni,PBF,170,1600,,,,100,7700,600,20,1371,,,balling,,0,0,0,0,0,0,0,0,0,19.4,0,0,0,28,14.2,19,19.4,0,51,,,,
Co-Cr-Fe-Mn-Ni,PBF,215,1500,,,,100,7700,600,20,1371,,,balling,,0,0,0,0,0,0,0,0,0,19.4,0,0,0,28,14.2,19,19.4,0,51,,,,
Co-Cr-Fe-Mn-Ni,PBF,215,1600,,,,100,7700,600,20,1371,,,balling,,0,0,0,0,0,0,0,0,0,19.4,0,0,0,28,14.2,19,19.4,0,51,,,,
Co-Cr-Fe-Mn-Ni,PBF,215,1700,,,,100,7700,600,20,1371,,,balling,,0,0,0,0,0,0,0,0,0,19.4,0,0,0,28,14.2,19,19.4,0,51,,,,
Co-Cr-Fe-Mn-Ni,PBF,215,1800,,,,100,7700,600,20,1371,,,balling,,0,0,0,0,0,0,0,0,0,19.4,0,0,0,28,14.2,19,19.4,0,51,,,,
Co-Cr-Fe-Mn-Ni,PBF,215,1900,,,,100,7700,600,20,1371,,,balling,,0,0,0,0,0,0,0,0,0,19.4,0,0,0,28,14.2,19,19.4,0,51,,,,
Co-Cr-Fe-Mn-Ni,PBF,215,2000,,,,100,7700,600,20,1371,,,balling,,0,0,0,0,0,0,0,0,0,19.4,0,0,0,28,14.2,19,19.4,0,51,,,,
SS17-4PH,PBF,80,100,,,,50,7750,460,17.9,1420,,,keyhole,,0,0,0,0,0,0,0,0,0,0,3.65,0,0,4,16,75,0,0,65,,,,
SS17-4PH,PBF,80,200,,,,50,7750,460,17.9,1420,,,keyhole,,0,0,0,0,0,0,0,0,0,0,3.65,0,0,4,16,75,0,0,65,,,,
SS17-4PH,PBF,80,400,,,,50,7750,460,17.9,1420,,,LOF,,0,0,0,0,0,0,0,0,0,0,3.65,0,0,4,16,75,0,0,65,,,,
SS17-4PH,PBF,80,600,,,,50,7750,460,17.9,1420,,,LOF,,0,0,0,0,0,0,0,0,0,0,3.65,0,0,4,16,75,0,0,65,,,,
SS17-4PH,PBF,80,800,,,,50,7750,460,17.9,1420,,,LOF,,0,0,0,0,0,0,0,0,0,0,3.65,0,0,4,16,75,0,0,65,,,,
SS17-4PH,PBF,80,1200,,,,50,7750,460,17.9,1420,,,LOF,,0,0,0,0,0,0,0,0,0,0,3.65,0,0,4,16,75,0,0,65,,,,
SS17-4PH,PBF,80,1400,,,,50,7750,460,17.9,1420,,,LOF,,0,0,0,0,0,0,0,0,0,0,3.65,0,0,4,16,75,0,0,65,,,,
SS17-4PH,PBF,120,200,,,,50,7750,460,17.9,1420,,,keyhole,,0,0,0,0,0,0,0,0,0,0,3.65,0,0,4,16,75,0,0,65,,,,
SS17-4PH,PBF,120,400,,,,50,7750,460,17.9,1420,,,keyhole,,0,0,0,0,0,0,0,0,0,0,3.65,0,0,4,16,75,0,0,65,,,,
SS17-4PH,PBF,120,600,,,,50,7750,460,17.9,1420,,,LOF,,0,0,0,0,0,0,0,0,0,0,3.65,0,0,4,16,75,0,0,65,,,,
SS17-4PH,PBF,120,800,,,,50,7750,460,17.9,1420,,,LOF,,0,0,0,0,0,0,0,0,0,0,3.65,0,0,4,16,75,0,0,65,,,,
SS17-4PH,PBF,120,1000,,,,50,7750,460,17.9,1420,,,LOF,,0,0,0,0,0,0,0,0,0,0,3.65,0,0,4,16,75,0,0,65,,,,
SS17-4PH,PBF,120,1200,,,,50,7750,460,17.9,1420,,,LOF,,0,0,0,0,0,0,0,0,0,0,3.65,0,0,4,16,75,0,0,65,,,,
SS17-4PH,PBF,120,1900,,,,50,7750,460,17.9,1420,,,LOF,,0,0,0,0,0,0,0,0,0,0,3.65,0,0,4,16,75,0,0,65,,,,
SS17-4PH,PBF,120,2400,,,,50,7750,460,17.9,1420,,,LOF,,0,0,0,0,0,0,0,0,0,0,3.65,0,0,4,16,75,0,0,65,,,,
SS17-4PH,PBF,250,500,,,,50,7750,460,17.9,1420,,,keyhole,,0,0,0,0,0,0,0,0,0,0,3.65,0,0,4,16,75,0,0,65,,,,
SS17-4PH,PBF,250,800,,,,50,7750,460,17.9,1420,,,keyhole,,0,0,0,0,0,0,0,0,0,0,3.65,0,0,4,16,75,0,0,65,,,,
SS17-4PH,PBF,250,1100,,,,50,7750,460,17.9,1420,,,desirable,,0,0,0,0,0,0,0,0,0,0,3.65,0,0,4,16,75,0,0,65,,,,
SS17-4PH,PBF,250,1400,,,,50,7750,460,17.9,1420,,,desirable,,0,0,0,0,0,0,0,0,0,0,3.65,0,0,4,16,75,0,0,65,,,,
SS17-4PH,PBF,250,1900,,,,50,7750,460,17.9,1420,,,desirable,,0,0,0,0,0,0,0,0,0,0,3.65,0,0,4,16,75,0,0,65,,,,
SS17-4PH,PBF,250,2400,,,,50,7750,460,17.9,1420,,,LOF,,0,0,0,0,0,0,0,0,0,0,3.65,0,0,4,16,75,0,0,65,,,,
SS17-4PH,PBF,250,3800,,,,50,7750,460,17.9,1420,,,LOF,,0,0,0,0,0,0,0,0,0,0,3.65,0,0,4,16,75,0,0,65,,,,
SS17-4PH,PBF,250,5000,,,,50,7750,460,17.9,1420,,,LOF,,0,0,0,0,0,0,0,0,0,0,3.65,0,0,4,16,75,0,0,65,,,,
SS17-4PH,PBF,380,800,,,,50,7750,460,17.9,1420,,,keyhole,,0,0,0,0,0,0,0,0,0,0,3.65,0,0,4,16,75,0,0,65,,,,
SS17-4PH,PBF,380,1400,,,,50,7750,460,17.9,1420,,,keyhole,,0,0,0,0,0,0,0,0,0,0,3.65,0,0,4,16,75,0,0,65,,,,
SS17-4PH,PBF,380,1900,,,,50,7750,460,17.9,1420,,,desirable,,0,0,0,0,0,0,0,0,0,0,3.65,0,0,4,16,75,0,0,65,,,,
SS17-4PH,PBF,380,2400,,,,50,7750,460,17.9,1420,,,desirable,,0,0,0,0,0,0,0,0,0,0,3.65,0,0,4,16,75,0,0,65,,,,
SS17-4PH,PBF,380,3000,,,,50,7750,460,17.9,1420,,,desirable,,0,0,0,0,0,0,0,0,0,0,3.65,0,0,4,16,75,0,0,65,,,,
SS17-4PH,PBF,380,3800,,,,50,7750,460,17.9,1420,,,desirable,,0,0,0,0,0,0,0,0,0,0,3.65,0,0,4,16,75,0,0,65,,,,
SS17-4PH,PBF,380,5800,,,,50,7750,460,17.9,1420,,,balling,,0,0,0,0,0,0,0,0,0,0,3.65,0,0,4,16,75,0,0,65,,,,
SS17-4PH,PBF,380,7400,,,,50,7750,460,17.9,1420,,,balling,,0,0,0,0,0,0,0,0,0,0,3.65,0,0,4,16,75,0,0,65,,,,
SS17-4PH,PBF,500,1400,,,,50,7750,460,17.9,1420,,,keyhole,,0,0,0,0,0,0,0,0,0,0,3.65,0,0,4,16,75,0,0,65,,,,
SS17-4PH,PBF,500,1900,,,,50,7750,460,17.9,1420,,,keyhole,,0,0,0,0,0,0,0,0,0,0,3.65,0,0,4,16,75,0,0,65,,,,
SS17-4PH,PBF,500,2500,,,,50,7750,460,17.9,1420,,,keyhole,,0,0,0,0,0,0,0,0,0,0,3.65,0,0,4,16,75,0,0,65,,,,
SS17-4PH,PBF,500,3000,,,,50,7750,460,17.9,1420,,,keyhole,,0,0,0,0,0,0,0,0,0,0,3.65,0,0,4,16,75,0,0,65,,,,
SS17-4PH,PBF,500,3900,,,,50,7750,460,17.9,1420,,,keyhole,,0,0,0,0,0,0,0,0,0,0,3.65,0,0,4,16,75,0,0,65,,,,
SS17-4PH,PBF,500,5000,,,,50,7750,460,17.9,1420,,,balling,,0,0,0,0,0,0,0,0,0,0,3.65,0,0,4,16,75,0,0,65,,,,
SS17-4PH,PBF,500,7600,,,,50,7750,460,17.9,1420,,,balling,,0,0,0,0,0,0,0,0,0,0,3.65,0,0,4,16,75,0,0,65,,,,
SS17-4PH,PBF,500,10000,,,,50,7750,460,17.9,1420,,,balling,,0,0,0,0,0,0,0,0,0,0,3.65,0,0,4,16,75,0,0,65,,,,
SS17-4PH,PBF,620,1900,,,,50,7750,460,17.9,1420,,,keyhole,,0,0,0,0,0,0,0,0,0,0,3.65,0,0,4,16,75,0,0,65,,,,
SS17-4PH,PBF,620,2200,,,,50,7750,460,17.9,1420,,,keyhole,,0,0,0,0,0,0,0,0,0,0,3.65,0,0,4,16,75,0,0,65,,,,
SS17-4PH,PBF,620,3000,,,,50,7750,460,17.9,1420,,,keyhole,,0,0,0,0,0,0,0,0,0,0,3.65,0,0,4,16,75,0,0,65,,,,
SS17-4PH,PBF,620,4000,,,,50,7750,460,17.9,1420,,,keyhole,,0,0,0,0,0,0,0,0,0,0,3.65,0,0,4,16,75,0,0,65,,,,
SS17-4PH,PBF,620,5000,,,,50,7750,460,17.9,1420,,,keyhole,,0,0,0,0,0,0,0,0,0,0,3.65,0,0,4,16,75,0,0,65,,,,
SS17-4PH,PBF,620,6000,,,,50,7750,460,17.9,1420,,,balling,,0,0,0,0,0,0,0,0,0,0,3.65,0,0,4,16,75,0,0,65,,,,
SS17-4PH,PBF,620,9300,,,,50,7750,460,17.9,1420,,,balling,,0,0,0,0,0,0,0,0,0,0,3.65,0,0,4,16,75,0,0,65,,,,
SS17-4PH,PBF,750,2000,,,,50,7750,460,17.9,1420,,,keyhole,,0,0,0,0,0,0,0,0,0,0,3.65,0,0,4,16,75,0,0,65,,,,
SS17-4PH,PBF,750,3000,,,,50,7750,460,17.9,1420,,,keyhole,,0,0,0,0,0,0,0,0,0,0,3.65,0,0,4,16,75,0,0,65,,,,
SS17-4PH,PBF,750,4000,,,,50,7750,460,17.9,1420,,,keyhole,,0,0,0,0,0,0,0,0,0,0,3.65,0,0,4,16,75,0,0,65,,,,
SS17-4PH,PBF,750,5000,,,,50,7750,460,17.9,1420,,,keyhole,,0,0,0,0,0,0,0,0,0,0,3.65,0,0,4,16,75,0,0,65,,,,
SS17-4PH,PBF,750,6000,,,,50,7750,460,17.9,1420,,,keyhole,,0,0,0,0,0,0,0,0,0,0,3.65,0,0,4,16,75,0,0,65,,,,
SS17-4PH,PBF,750,7800,,,,50,7750,460,17.9,1420,,,balling,,0,0,0,0,0,0,0,0,0,0,3.65,0,0,4,16,75,0,0,65,,,,
SS17-4PH,PBF,880,2100,,,,50,7750,460,17.9,1420,,,balling,,0,0,0,0,0,0,0,0,0,0,3.65,0,0,4,16,75,0,0,65,,,,
SS17-4PH,PBF,880,3200,,,,50,7750,460,17.9,1420,,,keyhole,,0,0,0,0,0,0,0,0,0,0,3.65,0,0,4,16,75,0,0,65,,,,
SS17-4PH,PBF,880,4400,,,,50,7750,460,17.9,1420,,,keyhole,,0,0,0,0,0,0,0,0,0,0,3.65,0,0,4,16,75,0,0,65,,,,
SS17-4PH,PBF,880,5800,,,,50,7750,460,17.9,1420,,,keyhole,,0,0,0,0,0,0,0,0,0,0,3.65,0,0,4,16,75,0,0,65,,,,
SS17-4PH,PBF,880,7000,,,,50,7750,460,17.9,1420,,,balling,,0,0,0,0,0,0,0,0,0,0,3.65,0,0,4,16,75,0,0,65,,,,
SS17-4PH,PBF,1000,2300,,,,50,7750,460,17.9,1420,,,keyhole,,0,0,0,0,0,0,0,0,0,0,3.65,0,0,4,16,75,0,0,65,,,,
SS17-4PH,PBF,1000,4000,,,,50,7750,460,17.9,1420,,,keyhole,,0,0,0,0,0,0,0,0,0,0,3.65,0,0,4,16,75,0,0,65,,,,
SS17-4PH,PBF,1000,5600,,,,50,7750,460,17.9,1420,,,keyhole,,0,0,0,0,0,0,0,0,0,0,3.65,0,0,4,16,75,0,0,65,,,,
SS17-4PH,PBF,1000,6500,,,,50,7750,460,17.9,1420,,,keyhole,,0,0,0,0,0,0,0,0,0,0,3.65,0,0,4,16,75,0,0,65,,,,
SS17-4PH,PBF,1000,8000,,,,50,7750,460,17.9,1420,,,balling,,0,0,0,0,0,0,0,0,0,0,3.65,0,0,4,16,75,0,0,65,,,,
SS17-4PH,PBF,1000,10000,,,,50,7750,460,17.9,1420,,,balling,,0,0,0,0,0,0,0,0,0,0,3.65,0,0,4,16,75,0,0,65,,,,
SS17-4PH,PBF,160,1000,,,,50,7750,460,17.9,1420,,,desirable,,0,0,0,0,0,0,0,0,0,0,3.65,0,0,4,16,75,0,0,65,,,,
SS17-4PH,PBF,160,1500,,,,50,7750,460,17.9,1420,,,desirable,,0,0,0,0,0,0,0,0,0,0,3.65,0,0,4,16,75,0,0,65,,,,
SS17-4PH,PBF,160,2000,,,,50,7750,460,17.9,1420,,,desirable,,0,0,0,0,0,0,0,0,0,0,3.65,0,0,4,16,75,0,0,65,,,,
SS17-4PH,PBF,300,1500,,,,50,7750,460,17.9,1420,,,desirable,,0,0,0,0,0,0,0,0,0,0,3.65,0,0,4,16,75,0,0,65,,,,
SS17-4PH,PBF,300,2000,,,,50,7750,460,17.9,1420,,,desirable,,0,0,0,0,0,0,0,0,0,0,3.65,0,0,4,16,75,0,0,65,,,,
SS17-4PH,PBF,300,2500,,,,50,7750,460,17.9,1420,,,desirable,,0,0,0,0,0,0,0,0,0,0,3.65,0,0,4,16,75,0,0,65,,,,
SS17-4PH,PBF,300,3000,,,,50,7750,460,17.9,1420,,,desirable,,0,0,0,0,0,0,0,0,0,0,3.65,0,0,4,16,75,0,0,65,,,,
SS17-4PH,PBF,400,1800,,,,50,7750,460,17.9,1420,,,desirable,,0,0,0,0,0,0,0,0,0,0,3.65,0,0,4,16,75,0,0,65,,,,
SS17-4PH,PBF,400,2500,,,,50,7750,460,17.9,1420,,,desirable,,0,0,0,0,0,0,0,0,0,0,3.65,0,0,4,16,75,0,0,65,,,,
SS17-4PH,PBF,400,3000,,,,50,7750,460,17.9,1420,,,desirable,,0,0,0,0,0,0,0,0,0,0,3.65,0,0,4,16,75,0,0,65,,,,
SS17-4PH,PBF,400,3500,,,,50,7750,460,17.9,1420,,,desirable,,0,0,0,0,0,0,0,0,0,0,3.65,0,0,4,16,75,0,0,65,,,,
SS17-4PH,PBF,400,4000,,,,50,7750,460,17.9,1420,,,desirable,,0,0,0,0,0,0,0,0,0,0,3.65,0,0,4,16,75,0,0,65,,,,
SS17-4PH,PBF,450,1900,,,,50,7750,460,17.9,1420,,,desirable,,0,0,0,0,0,0,0,0,0,0,3.65,0,0,4,16,75,0,0,65,,,,
SS17-4PH,PBF,450,2500,,,,50,7750,460,17.9,1420,,,desirable,,0,0,0,0,0,0,0,0,0,0,3.65,0,0,4,16,75,0,0,65,,,,
SS17-4PH,PBF,450,3000,,,,50,7750,460,17.9,1420,,,desirable,,0,0,0,0,0,0,0,0,0,0,3.65,0,0,4,16,75,0,0,65,,,,
SS17-4PH,PBF,450,3500,,,,50,7750,460,17.9,1420,,,desirable,,0,0,0,0,0,0,0,0,0,0,3.65,0,0,4,16,75,0,0,65,,,,
SS17-4PH,PBF,450,4000,,,,50,7750,460,17.9,1420,,,desirable,,0,0,0,0,0,0,0,0,0,0,3.65,0,0,4,16,75,0,0,65,,,,
SS17-4PH,PBF,450,4300,,,,50,7750,460,17.9,1420,,,desirable,,0,0,0,0,0,0,0,0,0,0,3.65,0,0,4,16,75,0,0,65,,,,
SS17-4PH,PBF,220,1000,,,,100,7750,460,17.9,1420,,,desirable,,0,0,0,0,0,0,0,0,0,0,3.65,0,0,4,16,75,0,0,65,,,,
SS17-4PH,PBF,220,1500,,,,100,7750,460,17.9,1420,,,desirable,,0,0,0,0,0,0,0,0,0,0,3.65,0,0,4,16,75,0,0,65,,,,
SS17-4PH,PBF,220,1800,,,,100,7750,460,17.9,1420,,,desirable,,0,0,0,0,0,0,0,0,0,0,3.65,0,0,4,16,75,0,0,65,,,,
SS17-4PH,PBF,300,1200,,,,100,7750,460,17.9,1420,,,desirable,,0,0,0,0,0,0,0,0,0,0,3.65,0,0,4,16,75,0,0,65,,,,
SS17-4PH,PBF,300,1500,,,,100,7750,460,17.9,1420,,,desirable,,0,0,0,0,0,0,0,0,0,0,3.65,0,0,4,16,75,0,0,65,,,,
SS17-4PH,PBF,300,2000,,,,100,7750,460,17.9,1420,,,desirable,,0,0,0,0,0,0,0,0,0,0,3.65,0,0,4,16,75,0,0,65,,,,
SS17-4PH,PBF,300,2400,,,,100,7750,460,17.9,1420,,,desirable,,0,0,0,0,0,0,0,0,0,0,3.65,0,0,4,16,75,0,0,65,,,,
SS17-4PH,PBF,400,1500,,,,100,7750,460,17.9,1420,,,desirable,,0,0,0,0,0,0,0,0,0,0,3.65,0,0,4,16,75,0,0,65,,,,
SS17-4PH,PBF,400,2000,,,,100,7750,460,17.9,1420,,,desirable,,0,0,0,0,0,0,0,0,0,0,3.65,0,0,4,16,75,0,0,65,,,,
SS17-4PH,PBF,400,2500,,,,100,7750,460,17.9,1420,,,desirable,,0,0,0,0,0,0,0,0,0,0,3.65,0,0,4,16,75,0,0,65,,,,
SS17-4PH,PBF,400,3000,,,,100,7750,460,17.9,1420,,,desirable,,0,0,0,0,0,0,0,0,0,0,3.65,0,0,4,16,75,0,0,65,,,,
SS17-4PH,PBF,400,3200,,,,100,7750,460,17.9,1420,,,desirable,,0,0,0,0,0,0,0,0,0,0,3.65,0,0,4,16,75,0,0,65,,,,
SS17-4PH,PBF,500,1800,,,,100,7750,460,17.9,1420,,,desirable,,0,0,0,0,0,0,0,0,0,0,3.65,0,0,4,16,75,0,0,65,,,,
SS17-4PH,PBF,500,2000,,,,100,7750,460,17.9,1420,,,desirable,,0,0,0,0,0,0,0,0,0,0,3.65,0,0,4,16,75,0,0,65,,,,
SS17-4PH,PBF,500,25000,,,,100,7750,460,17.9,1420,,,desirable,,0,0,0,0,0,0,0,0,0,0,3.65,0,0,4,16,75,0,0,65,,,,
SS17-4PH,PBF,500,3000,,,,100,7750,460,17.9,1420,,,desirable,,0,0,0,0,0,0,0,0,0,0,3.65,0,0,4,16,75,0,0,65,,,,
SS17-4PH,PBF,500,3500,,,,100,7750,460,17.9,1420,,,desirable,,0,0,0,0,0,0,0,0,0,0,3.65,0,0,4,16,75,0,0,65,,,,
SS17-4PH,PBF,500,4000,,,,100,7750,460,17.9,1420,,,desirable,,0,0,0,0,0,0,0,0,0,0,3.65,0,0,4,16,75,0,0,65,,,,
SS17-4PH,PBF,500,4200,,,,100,7750,460,17.9,1420,,,desirable,,0,0,0,0,0,0,0,0,0,0,3.65,0,0,4,16,75,0,0,65,,,,
SS17-4PH,PBF,550,1900,,,,100,7750,460,17.9,1420,,,desirable,,0,0,0,0,0,0,0,0,0,0,3.65,0,0,4,16,75,0,0,65,,,,
SS17-4PH,PBF,550,2500,,,,100,7750,460,17.9,1420,,,desirable,,0,0,0,0,0,0,0,0,0,0,3.65,0,0,4,16,75,0,0,65,,,,
SS17-4PH,PBF,550,3000,,,,100,7750,460,17.9,1420,,,desirable,,0,0,0,0,0,0,0,0,0,0,3.65,0,0,4,16,75,0,0,65,,,,
SS17-4PH,PBF,550,3500,,,,100,7750,460,17.9,1420,,,desirable,,0,0,0,0,0,0,0,0,0,0,3.65,0,0,4,16,75,0,0,65,,,,
SS17-4PH,PBF,550,4000,,,,100,7750,460,17.9,1420,,,desirable,,0,0,0,0,0,0,0,0,0,0,3.65,0,0,4,16,75,0,0,65,,,,
SS17-4PH,PBF,550,4800,,,,100,7750,460,17.9,1420,,,desirable,,0,0,0,0,0,0,0,0,0,0,3.65,0,0,4,16,75,0,0,65,,,,
Zn-2Al,PBF,60,200,70,,50,,,,,,,,desirable,,98,0,0,2,0,0,0,0,0,0,0,0,0,0,0,0,0,0,66,,,,
Zn-2Al,PBF,60,300,70,,50,,,,,,,,balling,,98,0,0,2,0,0,0,0,0,0,0,0,0,0,0,0,0,0,66,,,,
Zn-2Al,PBF,60,400,70,,50,,,,,,,,LOF,,98,0,0,2,0,0,0,0,0,0,0,0,0,0,0,0,0,0,66,,,,
Zn-2Al,PBF,60,500,70,,50,,,,,,,,LOF,,98,0,0,2,0,0,0,0,0,0,0,0,0,0,0,0,0,0,66,,,,
Zn-2Al,PBF,80,200,70,,50,,,,,,,,desirable,,98,0,0,2,0,0,0,0,0,0,0,0,0,0,0,0,0,0,66,,,,
Zn-2Al,PBF,80,300,70,,50,,,,,,,,desirable,,98,0,0,2,0,0,0,0,0,0,0,0,0,0,0,0,0,0,66,,,,
Zn-2Al,PBF,80,400,70,,50,,,,,,,,balling,,98,0,0,2,0,0,0,0,0,0,0,0,0,0,0,0,0,0,66,,,,
Zn-2Al,PBF,80,500,70,,50,,,,,,,,LOF,,98,0,0,2,0,0,0,0,0,0,0,0,0,0,0,0,0,0,66,,,,
Zn-2Al,PBF,100,200,70,,50,,,,,,,,desirable,,98,0,0,2,0,0,0,0,0,0,0,0,0,0,0,0,0,0,66,,,,
Zn-2Al,PBF,100,300,70,,50,,,,,,,,desirable,,98,0,0,2,0,0,0,0,0,0,0,0,0,0,0,0,0,0,66,,,,
Zn-2Al,PBF,100,400,70,,50,,,,,,,,balling,,98,0,0,2,0,0,0,0,0,0,0,0,0,0,0,0,0,0,66,,,,
Zn-2Al,PBF,100,500,70,,50,,,,,,,,balling,,98,0,0,2,0,0,0,0,0,0,0,0,0,0,0,0,0,0,66,,,,
Zn-2Al,PBF,120,200,70,,50,,,,,,,,keyhole,,98,0,0,2,0,0,0,0,0,0,0,0,0,0,0,0,0,0,66,,,,
Zn-2Al,PBF,120,300,70,,50,,,,,,,,desirable,,98,0,0,2,0,0,0,0,0,0,0,0,0,0,0,0,0,0,66,,,,
Zn-2Al,PBF,120,400,70,,50,,,,,,,,desirable,,98,0,0,2,0,0,0,0,0,0,0,0,0,0,0,0,0,0,66,,,,
Zn-2Al,PBF,120,500,70,,50,,,,,,,,balling,,98,0,0,2,0,0,0,0,0,0,0,0,0,0,0,0,0,0,66,,,,
Zn-2Al,PBF,140,200,70,,50,,,,,,,,keyhole,,98,0,0,2,0,0,0,0,0,0,0,0,0,0,0,0,0,0,66,,,,
Zn-2Al,PBF,140,300,70,,50,,,,,,,,desirable,,98,0,0,2,0,0,0,0,0,0,0,0,0,0,0,0,0,0,66,,,,
Zn-2Al,PBF,140,400,70,,50,,,,,,,,desirable,,98,0,0,2,0,0,0,0,0,0,0,0,0,0,0,0,0,0,66,,,,
Zn-2Al,PBF,140,500,70,,50,,,,,,,,desirable,,98,0,0,2,0,0,0,0,0,0,0,0,0,0,0,0,0,0,66,,,,
Zn-2Al,PBF,160,200,70,,50,,,,,,,,keyhole,,98,0,0,2,0,0,0,0,0,0,0,0,0,0,0,0,0,0,66,,,,
Zn-2Al,PBF,160,300,70,,50,,,,,,,,keyhole,,98,0,0,2,0,0,0,0,0,0,0,0,0,0,0,0,0,0,66,,,,
Zn-2Al,PBF,160,400,70,,50,,,,,,,,desirable,,98,0,0,2,0,0,0,0,0,0,0,0,0,0,0,0,0,0,66,,,,
Zn-2Al,PBF,160,500,70,,50,,,,,,,,desirable,,98,0,0,2,0,0,0,0,0,0,0,0,0,0,0,0,0,0,66,,,,
SS316L,PBF,50,136.0544218,,75,50,98,8000,500,16.3,1415,0.3763767076,0.33,LOF,,0,0,0,0,0,0,0,0,0,0,0,0,0,11.4,17.3,65,1.5,2.5,69,,,,
SS316L,PBF,50,81.63265306,,125,50,98,8000,500,16.3,1415,0.6272427022,0.33,LOF,,0,0,0,0,0,0,0,0,0,0,0,0,0,11.4,17.3,65,1.5,2.5,69,,,,
SS316L,PBF,50,51.02040816,,200,50,98,8000,500,16.3,1415,1.00361941,0.33,LOF,,0,0,0,0,0,0,0,0,0,0,0,0,0,11.4,17.3,65,1.5,2.5,69,,,,
SS316L,PBF,50,40.81632653,,250,50,98,8000,500,16.3,1415,1.254485404,0.33,desirable,,0,0,0,0,0,0,0,0,0,0,0,0,0,11.4,17.3,65,1.5,2.5,69,,,,
SS316L,PBF,150,408.1632653,,75,50,98,8000,500,16.3,1415,0.3763767076,0.33,LOF,,0,0,0,0,0,0,0,0,0,0,0,0,0,11.4,17.3,65,1.5,2.5,69,,,,
SS316L,PBF,150,244.8979592,,125,50,98,8000,500,16.3,1415,0.6272427022,0.33,LOF,,0,0,0,0,0,0,0,0,0,0,0,0,0,11.4,17.3,65,1.5,2.5,69,,,,
SS316L,PBF,150,153.0612245,,200,50,98,8000,500,16.3,1415,1.00361941,0.33,desirable,,0,0,0,0,0,0,0,0,0,0,0,0,0,11.4,17.3,65,1.5,2.5,69,,,,
SS316L,PBF,150,122.4489796,,250,50,98,8000,500,16.3,1415,1.254485404,0.33,desirable,,0,0,0,0,0,0,0,0,0,0,0,0,0,11.4,17.3,65,1.5,2.5,69,,,,
SS316L,PBF,250,680.2721088,,75,50,98,8000,500,16.3,1415,0.3763767076,0.33,LOF,,0,0,0,0,0,0,0,0,0,0,0,0,0,11.4,17.3,65,1.5,2.5,69,,,,
SS316L,PBF,250,408.1632653,,125,50,98,8000,500,16.3,1415,0.6272427022,0.33,desirable,,0,0,0,0,0,0,0,0,0,0,0,0,0,11.4,17.3,65,1.5,2.5,69,,,,
SS316L,PBF,250,255.1020408,,200,50,98,8000,500,16.3,1415,1.00361941,0.33,desirable,,0,0,0,0,0,0,0,0,0,0,0,0,0,11.4,17.3,65,1.5,2.5,69,,,,
SS316L,PBF,250,204.0816327,,250,50,98,8000,500,16.3,1415,1.254485404,0.33,keyhole,,0,0,0,0,0,0,0,0,0,0,0,0,0,11.4,17.3,65,1.5,2.5,69,,,,
SS316L,PBF,350,952.3809524,,75,50,98,8000,500,16.3,1415,0.3763767076,0.33,desirable,,0,0,0,0,0,0,0,0,0,0,0,0,0,11.4,17.3,65,1.5,2.5,69,,,,
SS316L,PBF,350,571.4285714,,125,50,98,8000,500,16.3,1415,0.6272427022,0.33,desirable,,0,0,0,0,0,0,0,0,0,0,0,0,0,11.4,17.3,65,1.5,2.5,69,,,,
SS316L,PBF,350,357.1428571,,200,50,98,8000,500,16.3,1415,1.00361941,0.33,keyhole,,0,0,0,0,0,0,0,0,0,0,0,0,0,11.4,17.3,65,1.5,2.5,69,,,,
SS316L,PBF,350,285.7142857,,250,50,98,8000,500,16.3,1415,1.254485404,0.33,keyhole,,0,0,0,0,0,0,0,0,0,0,0,0,0,11.4,17.3,65,1.5,2.5,69,,,,
SS316L,PBF,450,1224.489796,,75,50,98,8000,500,16.3,1415,0.3763767076,0.33,desirable,,0,0,0,0,0,0,0,0,0,0,0,0,0,11.4,17.3,65,1.5,2.5,69,,,,
SS316L,PBF,450,734.6938776,,125,50,98,8000,500,16.3,1415,0.6272427022,0.33,desirable,,0,0,0,0,0,0,0,0,0,0,0,0,0,11.4,17.3,65,1.5,2.5,69,,,,
SS316L,PBF,450,459.1836735,,200,50,98,8000,500,16.3,1415,1.00361941,0.33,keyhole,,0,0,0,0,0,0,0,0,0,0,0,0,0,11.4,17.3,65,1.5,2.5,69,,,,
SS316L,PBF,450,367.3469388,,250,50,98,8000,500,16.3,1415,1.254485404,0.33,keyhole,,0,0,0,0,0,0,0,0,0,0,0,0,0,11.4,17.3,65,1.5,2.5,69,,,,
SS316L,PBF,550,1496.598639,,75,50,98,8000,500,16.3,1415,0.3763767076,0.33,desirable,,0,0,0,0,0,0,0,0,0,0,0,0,0,11.4,17.3,65,1.5,2.5,69,,,,
SS316L,PBF,550,897.9591837,,125,50,98,8000,500,16.3,1415,0.6272427022,0.33,keyhole,,0,0,0,0,0,0,0,0,0,0,0,0,0,11.4,17.3,65,1.5,2.5,69,,,,
SS316L,PBF,550,561.2244898,,200,50,98,8000,500,16.3,1415,1.00361941,0.33,keyhole,,0,0,0,0,0,0,0,0,0,0,0,0,0,11.4,17.3,65,1.5,2.5,69,,,,
SS316L,PBF,550,448.9795918,,250,50,98,8000,500,16.3,1415,1.254485404,0.33,keyhole,,0,0,0,0,0,0,0,0,0,0,0,0,0,11.4,17.3,65,1.5,2.5,69,,,,
SS316L,PBF,50,71.30124777,,75,50,187,8000,500,16.3,1415,0.1972422226,0.33,LOF,,0,0,0,0,0,0,0,0,0,0,0,0,0,11.4,17.3,65,1.5,2.5,69,,,,
SS316L,PBF,50,42.78074866,,125,50,187,8000,500,16.3,1415,0.3287370376,0.33,LOF,,0,0,0,0,0,0,0,0,0,0,0,0,0,11.4,17.3,65,1.5,2.5,69,,,,
SS316L,PBF,50,26.73796791,,200,50,187,8000,500,16.3,1415,0.5259792601,0.33,LOF,,0,0,0,0,0,0,0,0,0,0,0,0,0,11.4,17.3,65,1.5,2.5,69,,,,
SS316L,PBF,50,21.39037433,,250,50,187,8000,500,16.3,1415,0.6573963596,0.33,desirable,,0,0,0,0,0,0,0,0,0,0,0,0,0,11.4,17.3,65,1.5,2.5,69,,,,
SS316L,PBF,150,213.9037433,,75,50,187,8000,500,16.3,1415,0.1972422226,0.33,LOF,,0,0,0,0,0,0,0,0,0,0,0,0,0,11.4,17.3,65,1.5,2.5,69,,,,
SS316L,PBF,150,128.342246,,125,50,187,8000,500,16.3,1415,0.3287370376,0.33,LOF,,0,0,0,0,0,0,0,0,0,0,0,0,0,11.4,17.3,65,1.5,2.5,69,,,,
SS316L,PBF,150,80.21390374,,200,50,187,8000,500,16.3,1415,0.5259792601,0.33,desirable,,0,0,0,0,0,0,0,0,0,0,0,0,0,11.4,17.3,65,1.5,2.5,69,,,,
SS316L,PBF,150,64.17112299,,250,50,187,8000,500,16.3,1415,0.6573963596,0.33,desirable,,0,0,0,0,0,0,0,0,0,0,0,0,0,11.4,17.3,65,1.5,2.5,69,,,,
SS316L,PBF,250,356.5062389,,75,50,187,8000,500,16.3,1415,0.1972422226,0.33,LOF,,0,0,0,0,0,0,0,0,0,0,0,0,0,11.4,17.3,65,1.5,2.5,69,,,,
SS316L,PBF,250,213.9037433,,125,50,187,8000,500,16.3,1415,0.3287370376,0.33,LOF,,0,0,0,0,0,0,0,0,0,0,0,0,0,11.4,17.3,65,1.5,2.5,69,,,,
SS316L,PBF,250,133.6898396,,200,50,187,8000,500,16.3,1415,0.5259792601,0.33,desirable,,0,0,0,0,0,0,0,0,0,0,0,0,0,11.4,17.3,65,1.5,2.5,69,,,,
SS316L,PBF,250,106.9518717,,250,50,187,8000,500,16.3,1415,0.6573963596,0.33,desirable,,0,0,0,0,0,0,0,0,0,0,0,0,0,11.4,17.3,65,1.5,2.5,69,,,,
SS316L,PBF,350,499.1087344,,75,50,187,8000,500,16.3,1415,0.1972422226,0.33,LOF,,0,0,0,0,0,0,0,0,0,0,0,0,0,11.4,17.3,65,1.5,2.5,69,,,,
SS316L,PBF,350,299.4652406,,125,50,187,8000,500,16.3,1415,0.3287370376,0.33,desirable,,0,0,0,0,0,0,0,0,0,0,0,0,0,11.4,17.3,65,1.5,2.5,69,,,,
SS316L,PBF,350,187.1657754,,200,50,187,8000,500,16.3,1415,0.5259792601,0.33,desirable,,0,0,0,0,0,0,0,0,0,0,0,0,0,11.4,17.3,65,1.5,2.5,69,,,,
SS316L,PBF,350,149.7326203,,250,50,187,8000,500,16.3,1415,0.6573963596,0.33,desirable,,0,0,0,0,0,0,0,0,0,0,0,0,0,11.4,17.3,65,1.5,2.5,69,,,,
SS316L,PBF,450,641.7112299,,75,50,187,8000,500,16.3,1415,0.1972422226,0.33,LOF,,0,0,0,0,0,0,0,0,0,0,0,0,0,11.4,17.3,65,1.5,2.5,69,,,,
SS316L,PBF,450,385.026738,,125,50,187,8000,500,16.3,1415,0.3287370376,0.33,desirable,,0,0,0,0,0,0,0,0,0,0,0,0,0,11.4,17.3,65,1.5,2.5,69,,,,
SS316L,PBF,450,240.6417112,,200,50,187,8000,500,16.3,1415,0.5259792601,0.33,desirable,,0,0,0,0,0,0,0,0,0,0,0,0,0,11.4,17.3,65,1.5,2.5,69,,,,
SS316L,PBF,450,192.513369,,250,50,187,8000,500,16.3,1415,0.6573963596,0.33,desirable,,0,0,0,0,0,0,0,0,0,0,0,0,0,11.4,17.3,65,1.5,2.5,69,,,,
SS316L,PBF,550,784.3137255,,75,50,187,8000,500,16.3,1415,0.1972422226,0.33,desirable,,0,0,0,0,0,0,0,0,0,0,0,0,0,11.4,17.3,65,1.5,2.5,69,,,,
SS316L,PBF,550,470.5882353,,125,50,187,8000,500,16.3,1415,0.3287370376,0.33,desirable,,0,0,0,0,0,0,0,0,0,0,0,0,0,11.4,17.3,65,1.5,2.5,69,,,,
SS316L,PBF,550,294.1176471,,200,50,187,8000,500,16.3,1415,0.5259792601,0.33,desirable,,0,0,0,0,0,0,0,0,0,0,0,0,0,11.4,17.3,65,1.5,2.5,69,,,,
SS316L,PBF,550,235.2941176,,250,50,187,8000,500,16.3,1415,0.6573963596,0.33,desirable,,0,0,0,0,0,0,0,0,0,0,0,0,0,11.4,17.3,65,1.5,2.5,69,,,,
SS316L,PBF,50,53.76344086,,75,50,248,8000,500,16.3,1415,0.1487476808,0.33,LOF,,0,0,0,0,0,0,0,0,0,0,0,0,0,11.4,17.3,65,1.5,2.5,69,,,,
SS316L,PBF,50,32.25806452,,125,50,248,8000,500,16.3,1415,0.2478350858,0.33,LOF,,0,0,0,0,0,0,0,0,0,0,0,0,0,11.4,17.3,65,1.5,2.5,69,,,,
SS316L,PBF,50,20.16129032,,200,50,248,8000,500,16.3,1415,0.3965827666,0.33,LOF,,0,0,0,0,0,0,0,0,0,0,0,0,0,11.4,17.3,65,1.5,2.5,69,,,,
SS316L,PBF,50,16.12903226,,250,50,248,8000,500,16.3,1415,0.4957478872,0.33,LOF,,0,0,0,0,0,0,0,0,0,0,0,0,0,11.4,17.3,65,1.5,2.5,69,,,,
SS316L,PBF,150,161.2903226,,75,50,248,8000,500,16.3,1415,0.1487476808,0.33,LOF,,0,0,0,0,0,0,0,0,0,0,0,0,0,11.4,17.3,65,1.5,2.5,69,,,,
SS316L,PBF,150,96.77419355,,125,50,248,8000,500,16.3,1415,0.2478350858,0.33,LOF,,0,0,0,0,0,0,0,0,0,0,0,0,0,11.4,17.3,65,1.5,2.5,69,,,,
SS316L,PBF,150,60.48387097,,200,50,248,8000,500,16.3,1415,0.3965827666,0.33,LOF,,0,0,0,0,0,0,0,0,0,0,0,0,0,11.4,17.3,65,1.5,2.5,69,,,,
SS316L,PBF,150,48.38709677,,250,50,248,8000,500,16.3,1415,0.4957478872,0.33,LOF,,0,0,0,0,0,0,0,0,0,0,0,0,0,11.4,17.3,65,1.5,2.5,69,,,,
SS316L,PBF,250,268.8172043,,75,50,248,8000,500,16.3,1415,0.1487476808,0.33,LOF,,0,0,0,0,0,0,0,0,0,0,0,0,0,11.4,17.3,65,1.5,2.5,69,,,,
SS316L,PBF,250,161.2903226,,125,50,248,8000,500,16.3,1415,0.2478350858,0.33,LOF,,0,0,0,0,0,0,0,0,0,0,0,0,0,11.4,17.3,65,1.5,2.5,69,,,,
SS316L,PBF,250,100.8064516,,200,50,248,8000,500,16.3,1415,0.3965827666,0.33,LOF,,0,0,0,0,0,0,0,0,0,0,0,0,0,11.4,17.3,65,1.5,2.5,69,,,,
SS316L,PBF,250,80.64516129,,250,50,248,8000,500,16.3,1415,0.4957478872,0.33,desirable,,0,0,0,0,0,0,0,0,0,0,0,0,0,11.4,17.3,65,1.5,2.5,69,,,,
SS316L,PBF,350,376.344086,,75,50,248,8000,500,16.3,1415,0.1487476808,0.33,LOF,,0,0,0,0,0,0,0,0,0,0,0,0,0,11.4,17.3,65,1.5,2.5,69,,,,
SS316L,PBF,350,225.8064516,,125,50,248,8000,500,16.3,1415,0.2478350858,0.33,LOF,,0,0,0,0,0,0,0,0,0,0,0,0,0,11.4,17.3,65,1.5,2.5,69,,,,
SS316L,PBF,350,141.1290323,,200,50,248,8000,500,16.3,1415,0.3965827666,0.33,desirable,,0,0,0,0,0,0,0,0,0,0,0,0,0,11.4,17.3,65,1.5,2.5,69,,,,
SS316L,PBF,350,112.9032258,,250,50,248,8000,500,16.3,1415,0.4957478872,0.33,desirable,,0,0,0,0,0,0,0,0,0,0,0,0,0,11.4,17.3,65,1.5,2.5,69,,,,
SS316L,PBF,450,483.8709677,,75,50,248,8000,500,16.3,1415,0.1487476808,0.33,LOF,,0,0,0,0,0,0,0,0,0,0,0,0,0,11.4,17.3,65,1.5,2.5,69,,,,
SS316L,PBF,450,290.3225806,,125,50,248,8000,500,16.3,1415,0.2478350858,0.33,LOF,,0,0,0,0,0,0,0,0,0,0,0,0,0,11.4,17.3,65,1.5,2.5,69,,,,
SS316L,PBF,450,181.4516129,,200,50,248,8000,500,16.3,1415,0.3965827666,0.33,desirable,,0,0,0,0,0,0,0,0,0,0,0,0,0,11.4,17.3,65,1.5,2.5,69,,,,
SS316L,PBF,450,145.1612903,,250,50,248,8000,500,16.3,1415,0.4957478872,0.33,desirable,,0,0,0,0,0,0,0,0,0,0,0,0,0,11.4,17.3,65,1.5,2.5,69,,,,
SS316L,PBF,550,591.3978495,,75,50,248,8000,500,16.3,1415,0.1487476808,0.33,LOF,,0,0,0,0,0,0,0,0,0,0,0,0,0,11.4,17.3,65,1.5,2.5,69,,,,
SS316L,PBF,550,354.8387097,,125,50,248,8000,500,16.3,1415,0.2478350858,0.33,desirable,,0,0,0,0,0,0,0,0,0,0,0,0,0,11.4,17.3,65,1.5,2.5,69,,,,
SS316L,PBF,550,221.7741935,,200,50,248,8000,500,16.3,1415,0.3965827666,0.33,desirable,,0,0,0,0,0,0,0,0,0,0,0,0,0,11.4,17.3,65,1.5,2.5,69,,,,
SS316L,PBF,550,177.4193548,,250,50,248,8000,500,16.3,1415,0.4957478872,0.33,desirable,,0,0,0,0,0,0,0,0,0,0,0,0,0,11.4,17.3,65,1.5,2.5,69,,,,
WE43,PBF,100,100,130,192.3076923,40,70,1800,966,51.3,590,,,keyhole,1,0,93,0,0,0,0,0,0,0,0,0,0,0,0,0,0,0,0,74,,,99.4,
WE43,PBF,100,200,130,96.15384615,40,70,1800,966,51.3,590,,,keyhole,0.5,0,93,0,0,0,0,0,0,0,0,0,0,0,0,0,0,0,0,74,,,94.7,
WE43,PBF,100,300,130,64.1025641,40,70,1800,966,51.3,590,,,keyhole,0.3333333333,0,93,0,0,0,0,0,0,0,0,0,0,0,0,0,0,0,0,74,,,98.1,
WE43,PBF,100,400,130,48.07692308,40,70,1800,966,51.3,590,,,,0.25,0,93,0,0,0,0,0,0,0,0,0,0,0,0,0,0,0,0,74,,,97.5,
WE43,PBF,100,500,130,38.46153846,40,70,1800,966,51.3,590,,,,0.2,0,93,0,0,0,0,0,0,0,0,0,0,0,0,0,0,0,0,74,,,99.1,
WE43,PBF,100,600,130,32.05128205,40,70,1800,966,51.3,590,,,,0.1666666667,0,93,0,0,0,0,0,0,0,0,0,0,0,0,0,0,0,0,74,,,99.2,
WE43,PBF,100,700,130,27.47252747,40,70,1800,966,51.3,590,,,,0.1428571429,0,93,0,0,0,0,0,0,0,0,0,0,0,0,0,0,0,0,74,,,99,
WE43,PBF,100,800,130,24.03846154,40,70,1800,966,51.3,590,,,LOF,0.125,0,93,0,0,0,0,0,0,0,0,0,0,0,0,0,0,0,0,74,,,97.8,
WE43,PBF,100,900,130,21.36752137,40,70,1800,966,51.3,590,,,LOF,0.1111111111,0,93,0,0,0,0,0,0,0,0,0,0,0,0,0,0,0,0,74,,,95,
WE43,PBF,100,1000,130,19.23076923,40,70,1800,966,51.3,590,,,LOF,0.1,0,93,0,0,0,0,0,0,0,0,0,0,0,0,0,0,0,0,74,,,89.2,
WE43,PBF,150,200,130,144.2307692,40,70,1800,966,51.3,590,,,keyhole,0.75,0,93,0,0,0,0,0,0,0,0,0,0,0,0,0,0,0,0,74,,,97.2,
WE43,PBF,150,400,130,72.11538462,40,70,1800,966,51.3,590,,,keyhole,0.375,0,93,0,0,0,0,0,0,0,0,0,0,0,0,0,0,0,0,74,,,96.5,
WE43,PBF,150,600,130,48.07692308,40,70,1800,966,51.3,590,,,,0.25,0,93,0,0,0,0,0,0,0,0,0,0,0,0,0,0,0,0,74,,,97.2,
WE43,PBF,150,800,130,36.05769231,40,70,1800,966,51.3,590,,,LOF,0.1875,0,93,0,0,0,0,0,0,0,0,0,0,0,0,0,0,0,0,74,,,98.6,
WE43,PBF,150,900,130,32.05128205,40,70,1800,966,51.3,590,,,desirable,0.1666666667,0,93,0,0,0,0,0,0,0,0,0,0,0,0,0,0,0,0,74,,,99,
WE43,PBF,150,1000,130,28.84615385,40,70,1800,966,51.3,590,,,,0.15,0,93,0,0,0,0,0,0,0,0,0,0,0,0,0,0,0,0,74,,,99.6,
WE43,PBF,150,1100,130,26.22377622,40,70,1800,966,51.3,590,,,,0.1363636364,0,93,0,0,0,0,0,0,0,0,0,0,0,0,0,0,0,0,74,,,99.7,
WE43,PBF,150,1200,130,24.03846154,40,70,1800,966,51.3,590,,,LOF,0.125,0,93,0,0,0,0,0,0,0,0,0,0,0,0,0,0,0,0,74,,,98.7,
WE43,PBF,150,1400,130,20.6043956,40,70,1800,966,51.3,590,,,LOF,0.1071428571,0,93,0,0,0,0,0,0,0,0,0,0,0,0,0,0,0,0,74,,,97.3,
WE43,PBF,150,1600,130,18.02884615,40,70,1800,966,51.3,590,,,LOF,0.09375,0,93,0,0,0,0,0,0,0,0,0,0,0,0,0,0,0,0,74,,,93.3,
WE43,PBF,200,600,130,64.1025641,40,70,1800,966,51.3,590,,,,0.3333333333,0,93,0,0,0,0,0,0,0,0,0,0,0,0,0,0,0,0,74,,,96.3,
WE43,PBF,200,800,130,48.07692308,40,70,1800,966,51.3,590,,,desirable,0.25,0,93,0,0,0,0,0,0,0,0,0,0,0,0,0,0,0,0,74,,,99.2,
WE43,PBF,200,1000,130,38.46153846,40,70,1800,966,51.3,590,,,desirable,0.2,0,93,0,0,0,0,0,0,0,0,0,0,0,0,0,0,0,0,74,,,99.3,
WE43,PBF,200,1100,130,34.96503497,40,70,1800,966,51.3,590,,,desirable,0.1818181818,0,93,0,0,0,0,0,0,0,0,0,0,0,0,0,0,0,0,74,,,99.7,
WE43,PBF,200,1200,130,32.05128205,40,70,1800,966,51.3,590,,,desirable,0.1666666667,0,93,0,0,0,0,0,0,0,0,0,0,0,0,0,0,0,0,74,,,99.5,
WE43,PBF,200,1300,130,29.58579882,40,70,1800,966,51.3,590,,,,0.1538461538,0,93,0,0,0,0,0,0,0,0,0,0,0,0,0,0,0,0,74,,,98.2,
WE43,PBF,200,1400,130,27.47252747,40,70,1800,966,51.3,590,,,balling,0.1428571429,0,93,0,0,0,0,0,0,0,0,0,0,0,0,0,0,0,0,74,,,98,
WE43,PBF,200,1600,130,24.03846154,40,70,1800,966,51.3,590,,,balling,0.125,0,93,0,0,0,0,0,0,0,0,0,0,0,0,0,0,0,0,74,,,93,
WE43,PBF,250,800,130,60.09615385,40,70,1800,966,51.3,590,,,,0.3125,0,93,0,0,0,0,0,0,0,0,0,0,0,0,0,0,0,0,74,,,97.5,
WE43,PBF,250,1000,130,48.07692308,40,70,1800,966,51.3,590,,,,0.25,0,93,0,0,0,0,0,0,0,0,0,0,0,0,0,0,0,0,74,,,98.4,
WE43,PBF,250,1100,130,43.70629371,40,70,1800,966,51.3,590,,,desirable,0.2272727273,0,93,0,0,0,0,0,0,0,0,0,0,0,0,0,0,0,0,74,,,99,
WE43,PBF,250,1200,130,40.06410256,40,70,1800,966,51.3,590,,,desirable,0.2083333333,0,93,0,0,0,0,0,0,0,0,0,0,0,0,0,0,0,0,74,,,99.3,
WE43,PBF,250,1300,130,36.98224852,40,70,1800,966,51.3,590,,,desirable,0.1923076923,0,93,0,0,0,0,0,0,0,0,0,0,0,0,0,0,0,0,74,,,99.7,
WE43,PBF,250,1400,130,34.34065934,40,70,1800,966,51.3,590,,,desirable,0.1785714286,0,93,0,0,0,0,0,0,0,0,0,0,0,0,0,0,0,0,74,,,99,
WE43,PBF,250,1600,130,30.04807692,40,70,1800,966,51.3,590,,,balling,0.15625,0,93,0,0,0,0,0,0,0,0,0,0,0,0,0,0,0,0,74,,,97,